Age,Gender,Medical_Condition,Condition_Severity_1to5,Heart_Rate,Systolic_BP,Distance_km,Priority
51,Male,Chronic Pain,3,92.0,115.0,19.2,Low
92,Female,Routine Checkup,3,52.0,,28.5,Medium
14,Male,Chronic Pain,3,40.0,119.0,10.9,Low
71,Female,Routine Checkup,1,74.0,88.0,27.5,Low
60,Male,Routine Checkup,2,53.0,90.0,40.0,Low
20,Female,Cardiac Symptoms,5,74.0,151.0,38.1,High
82,Female,Cardiac Symptoms,5,68.0,,18.2,High
86,Female,Respiratory Issue,2,84.0,107.0,6.0,Low
74,Male,Routine Checkup,5,59.0,138.0,40.1,High
74,Male,Respiratory Issue,2,81.0,96.0,13.6,Medium
87,Male,Respiratory Issue,1,87.0,106.0,3.1,Low
99,Male,Respiratory Issue,1,71.0,115.0,22.5,Low
23,Male,Respiratory Issue,1,82.0,113.0,37.1,Low
2,Male,Injury/Trauma,2,60.0,100.0,40.5,Low
21,Male,Injury/Trauma,2,69.0,116.0,49.1,Low
52,Female,Routine Checkup,4,54.0,,9.9,Medium
1,Male,Injury/Trauma,5,110.0,117.0,15.0,High
87,Female,Routine Checkup,5,93.0,106.0,30.7,High
29,Male,Cardiac Symptoms,4,99.0,138.0,40.7,Low
37,Female,Fever/Cold,4,93.0,154.0,12.1,Medium
1,Female,Chronic Pain,1,65.0,139.0,20.8,Low
63,Female,Injury/Trauma,4,51.0,97.0,20.7,High
59,Female,Injury/Trauma,2,,98.0,38.8,Medium
20,Male,Cardiac Symptoms,3,82.0,128.0,12.4,Low
32,Female,Injury/Trauma,2,70.0,123.0,48.5,Low
75,Male,Routine Checkup,4,41.0,95.0,25.8,High
57,Male,Routine Checkup,5,86.0,125.0,14.5,High
21,Female,Fever/Cold,2,51.0,121.0,14.6,Low
88,Female,Fever/Cold,5,68.0,,1.4,High
48,Male,Fever/Cold,2,101.0,111.0,34.8,Medium
90,Female,Routine Checkup,5,,147.0,38.9,High
58,Female,Respiratory Issue,2,91.0,148.0,2.1,Medium
41,Male,Respiratory Issue,5,80.0,106.0,29.5,Medium
91,Male,Fever/Cold,3,59.0,127.0,39.2,Medium
59,Male,Fever/Cold,1,85.0,115.0,19.1,Low
79,Male,Routine Checkup,2,74.0,114.0,21.9,Low
14,Male,Cardiac Symptoms,3,52.0,124.0,18.4,Low
61,Male,Injury/Trauma,1,50.0,104.0,16.1,Low
61,Male,Chronic Pain,2,80.0,88.0,24.8,Low
46,Female,Respiratory Issue,3,107.0,109.0,8.7,Low
61,Female,Respiratory Issue,3,58.0,143.0,22.3,Medium
50,Other,Routine Checkup,3,60.0,115.0,47.1,Low
54,Male,Routine Checkup,4,80.0,119.0,1.9,Medium
63,Female,Chronic Pain,5,55.0,135.0,8.7,High
2,Female,Chronic Pain,1,110.0,88.0,39.0,Low
50,Female,Fever/Cold,5,62.0,128.0,7.0,High
6,Male,Chronic Pain,5,67.0,153.0,13.9,High
20,Female,Injury/Trauma,5,62.0,121.0,23.0,Medium
72,Male,Injury/Trauma,3,89.0,81.0,47.2,Medium
38,Male,Respiratory Issue,5,107.0,118.0,9.6,High
17,Female,Injury/Trauma,4,64.0,132.0,46.2,Medium
3,Female,Injury/Trauma,2,87.0,122.0,36.1,Low
88,Male,Injury/Trauma,3,55.0,125.0,33.7,Low
59,Female,Fever/Cold,1,89.0,127.0,36.3,Low
13,Female,Respiratory Issue,2,101.0,101.0,2.0,Low
8,Female,Routine Checkup,2,96.0,103.0,5.4,Low
89,Female,Respiratory Issue,2,76.0,112.0,17.1,Low
52,Male,Respiratory Issue,5,59.0,127.0,4.2,High
1,Other,Respiratory Issue,5,75.0,96.0,49.4,Medium
83,Female,Chronic Pain,3,70.0,161.0,29.2,High
91,Male,Routine Checkup,5,68.0,71.0,24.6,High
59,Female,Chronic Pain,5,78.0,85.0,39.4,High
70,Female,Fever/Cold,5,74.0,131.0,48.9,High
43,Female,Fever/Cold,3,85.0,129.0,47.8,Low
7,Female,Cardiac Symptoms,3,85.0,118.0,39.8,Low
46,Female,Cardiac Symptoms,4,74.0,133.0,19.2,Medium
34,Female,Fever/Cold,4,81.0,131.0,3.8,Medium
77,Female,Fever/Cold,4,94.0,120.0,5.4,High
80,Female,Chronic Pain,4,67.0,125.0,0.6,High
35,Male,Fever/Cold,2,75.0,57.0,0.6,Low
49,Female,Routine Checkup,2,59.0,117.0,46.9,Low
3,Male,Chronic Pain,4,82.0,119.0,46.4,Low
1,Female,Fever/Cold,4,77.0,158.0,33.5,Medium
5,Female,Chronic Pain,1,81.0,103.0,36.5,Low
53,Female,Chronic Pain,2,60.0,119.0,25.9,Medium
3,Female,Injury/Trauma,1,86.0,,12.3,Low
53,Female,Cardiac Symptoms,1,76.0,131.0,45.8,Low
92,Male,Chronic Pain,5,90.0,120.0,14.2,High
62,Female,Respiratory Issue,3,68.0,139.0,37.1,Medium
17,Male,Chronic Pain,2,85.0,104.0,12.6,Low
89,Male,Respiratory Issue,4,81.0,154.0,43.6,High
43,Male,Injury/Trauma,4,97.0,132.0,32.7,High
33,Female,Fever/Cold,3,73.0,87.0,32.3,Medium
73,Female,Chronic Pain,2,66.0,107.0,5.3,Low
61,Female,Injury/Trauma,4,67.0,76.0,21.3,Medium
99,Male,Routine Checkup,4,58.0,135.0,26.5,High
13,Female,Injury/Trauma,5,67.0,131.0,15.1,High
94,Male,Cardiac Symptoms,1,39.0,110.0,44.1,Low
47,Male,Cardiac Symptoms,4,95.0,144.0,42.0,High
14,Female,Fever/Cold,2,104.0,118.0,24.9,Low
71,Male,Respiratory Issue,3,72.0,,17.3,Medium
77,Male,Fever/Cold,5,81.0,96.0,40.2,High
86,Male,Respiratory Issue,2,77.0,132.0,10.2,Medium
61,Male,Respiratory Issue,5,55.0,112.0,4.0,High
39,Male,Respiratory Issue,1,90.0,106.0,2.8,Low
84,Male,Respiratory Issue,4,92.0,116.0,2.4,High
79,Female,Cardiac Symptoms,2,59.0,127.0,24.7,Low
81,Female,Cardiac Symptoms,3,79.0,121.0,13.1,Medium
52,Female,Chronic Pain,1,71.0,133.0,34.7,Low
23,Other,Cardiac Symptoms,1,92.0,132.0,32.9,Low
25,Male,Fever/Cold,5,73.0,149.0,27.3,High
88,Female,Cardiac Symptoms,1,74.0,95.0,18.0,Low
59,Other,Fever/Cold,2,102.0,88.0,42.6,Low
40,Male,Routine Checkup,5,55.0,118.0,35.6,Medium
28,Female,Cardiac Symptoms,1,78.0,104.0,13.9,Low
14,Male,Fever/Cold,3,76.0,137.0,25.3,Low
44,Male,Respiratory Issue,2,65.0,98.0,8.2,Low
64,Male,Injury/Trauma,3,105.0,109.0,16.8,High
88,Female,Respiratory Issue,3,80.0,,49.9,Medium
70,Female,Chronic Pain,5,85.0,155.0,11.6,High
8,Female,Fever/Cold,4,87.0,162.0,35.1,Medium
87,Male,Respiratory Issue,5,70.0,97.0,12.3,High
0,Male,Cardiac Symptoms,2,93.0,76.0,46.9,Low
7,Male,Cardiac Symptoms,2,,108.0,15.9,Low
87,Male,Routine Checkup,5,73.0,119.0,17.7,High
62,Female,Injury/Trauma,4,89.0,119.0,29.9,High
10,Male,Fever/Cold,5,93.0,118.0,29.6,High
80,Female,Respiratory Issue,2,86.0,136.0,29.2,Low
7,Female,Injury/Trauma,4,62.0,111.0,28.9,Medium
34,Male,Routine Checkup,2,73.0,124.0,16.0,Low
34,Female,Chronic Pain,4,82.0,132.0,22.0,Medium
32,Male,Injury/Trauma,4,78.0,124.0,29.9,Medium
4,Male,Routine Checkup,5,63.0,133.0,33.7,Medium
40,Male,Fever/Cold,5,70.0,85.0,13.0,High
27,Female,Chronic Pain,5,,122.0,35.2,High
6,Male,Cardiac Symptoms,4,52.0,124.0,46.2,Low
72,Female,Routine Checkup,4,75.0,,38.0,High
71,Female,Cardiac Symptoms,2,85.0,108.0,4.7,Medium
11,Male,Chronic Pain,3,79.0,129.0,23.7,Low
33,Female,Routine Checkup,5,62.0,122.0,22.0,High
32,Female,Routine Checkup,2,64.0,118.0,17.2,Low
47,Male,Chronic Pain,2,97.0,113.0,24.8,Low
22,Male,Fever/Cold,1,60.0,114.0,22.3,Low
61,Female,Routine Checkup,5,92.0,104.0,0.8,High
87,Male,Chronic Pain,2,65.0,110.0,12.2,Medium
36,Female,Injury/Trauma,1,91.0,101.0,11.1,Low
98,Male,Cardiac Symptoms,5,83.0,112.0,17.8,High
43,Male,Routine Checkup,4,69.0,127.0,9.1,Medium
85,Male,Injury/Trauma,1,48.0,136.0,3.9,Low
90,Male,Routine Checkup,4,80.0,118.0,10.2,High
34,Female,Fever/Cold,3,77.0,118.0,42.8,Medium
64,Male,Chronic Pain,3,81.0,122.0,40.0,Medium
98,Female,Routine Checkup,3,83.0,139.0,22.4,High
46,Female,Chronic Pain,3,55.0,115.0,44.0,Medium
77,Female,Respiratory Issue,2,80.0,129.0,12.0,Low
2,Female,Routine Checkup,3,86.0,127.0,29.4,Low
0,Male,Fever/Cold,2,85.0,107.0,7.6,Low
4,Male,Fever/Cold,2,56.0,134.0,41.8,Low
89,Female,Injury/Trauma,5,92.0,78.0,7.0,High
13,Male,Fever/Cold,2,81.0,141.0,2.1,Low
26,Female,Chronic Pain,2,83.0,96.0,14.0,Low
8,Male,Respiratory Issue,3,61.0,117.0,45.1,Low
78,Female,Fever/Cold,2,86.0,136.0,6.9,Medium
14,Female,Routine Checkup,4,49.0,111.0,16.9,High
89,Female,Fever/Cold,3,62.0,124.0,16.2,Medium
41,Female,Respiratory Issue,1,93.0,136.0,40.2,Low
76,Female,Chronic Pain,3,85.0,156.0,21.4,Medium
50,Female,Routine Checkup,2,79.0,119.0,30.8,Low
62,Female,Injury/Trauma,4,,123.0,20.5,Medium
95,Male,Injury/Trauma,3,90.0,120.0,27.8,Medium
51,Male,Injury/Trauma,4,86.0,115.0,3.6,Medium
95,Male,Routine Checkup,1,71.0,93.0,19.0,Low
3,Female,Injury/Trauma,1,61.0,97.0,42.8,Low
93,Male,Fever/Cold,5,65.0,119.0,34.7,High
22,Female,Routine Checkup,5,96.0,,49.1,Medium
14,Female,Routine Checkup,3,55.0,145.0,39.5,Low
42,Female,Routine Checkup,5,82.0,115.0,22.8,High
28,Female,Cardiac Symptoms,4,82.0,150.0,34.0,Medium
35,Male,Chronic Pain,5,97.0,95.0,38.9,High
12,Female,Cardiac Symptoms,4,82.0,124.0,13.8,Medium
31,Female,Cardiac Symptoms,5,68.0,114.0,3.5,Medium
70,Male,Cardiac Symptoms,5,68.0,93.0,20.6,High
58,Male,Chronic Pain,5,74.0,,7.7,Medium
85,Female,Cardiac Symptoms,2,91.0,111.0,14.2,Medium
27,Female,Injury/Trauma,2,87.0,112.0,47.4,Low
65,Male,Routine Checkup,5,58.0,102.0,42.4,High
41,Female,Routine Checkup,4,79.0,135.0,29.8,Medium
44,Female,Fever/Cold,3,,111.0,20.4,Medium
61,Male,Respiratory Issue,1,71.0,100.0,13.6,Low
56,Other,Injury/Trauma,2,42.0,115.0,28.8,Low
5,Female,Chronic Pain,5,72.0,107.0,26.9,Medium
27,Female,Respiratory Issue,1,52.0,152.0,39.1,Low
27,Female,Routine Checkup,2,50.0,113.0,46.4,Low
43,Male,Cardiac Symptoms,3,90.0,101.0,16.8,Low
83,Male,Fever/Cold,4,112.0,152.0,10.7,High
29,Male,Fever/Cold,5,95.0,134.0,20.4,Medium
61,Male,Routine Checkup,3,35.0,,22.2,Medium
74,Male,Injury/Trauma,2,72.0,104.0,2.5,Low
91,Female,Respiratory Issue,5,66.0,135.0,43.2,High
88,Female,Fever/Cold,1,52.0,90.0,49.8,Low
61,Female,Routine Checkup,4,81.0,133.0,46.2,Medium
96,Female,Injury/Trauma,2,72.0,125.0,43.1,Medium
0,Female,Routine Checkup,4,57.0,139.0,49.6,Medium
26,Male,Routine Checkup,5,44.0,72.0,45.4,High
61,Male,Injury/Trauma,3,65.0,,34.6,Medium
76,Female,Injury/Trauma,4,75.0,100.0,8.8,Medium
2,Female,Injury/Trauma,1,,97.0,8.2,Low
69,Male,Routine Checkup,2,90.0,,2.9,Medium
71,Female,Fever/Cold,1,80.0,114.0,20.9,Low
26,Male,Chronic Pain,4,69.0,102.0,40.5,Medium
8,Female,Chronic Pain,3,62.0,97.0,24.8,Low
61,Female,Routine Checkup,3,48.0,100.0,18.6,Medium
36,Female,Routine Checkup,1,58.0,137.0,5.9,Low
96,Female,Fever/Cold,5,95.0,118.0,3.1,High
50,Female,Injury/Trauma,5,87.0,136.0,20.3,High
43,Female,Routine Checkup,3,79.0,173.0,5.4,Medium
23,Female,Cardiac Symptoms,1,67.0,119.0,5.6,Low
78,Female,Injury/Trauma,1,93.0,91.0,20.1,Low
58,Female,Routine Checkup,1,59.0,117.0,25.4,Low
31,Male,Cardiac Symptoms,4,60.0,157.0,9.7,Medium
95,Male,Respiratory Issue,5,73.0,141.0,34.4,High
87,Female,Fever/Cold,5,42.0,107.0,21.2,High
51,Male,Cardiac Symptoms,4,59.0,113.0,5.1,High
61,Male,Routine Checkup,2,71.0,135.0,32.0,Medium
57,Female,Chronic Pain,4,68.0,129.0,18.2,Medium
51,Female,Routine Checkup,1,60.0,135.0,3.1,Low
11,Female,Chronic Pain,4,105.0,115.0,47.4,Medium
38,Male,Fever/Cold,1,95.0,127.0,28.8,Low
1,Male,Fever/Cold,3,100.0,113.0,24.1,Low
2,Male,Injury/Trauma,1,73.0,147.0,43.0,Low
55,Male,Injury/Trauma,5,67.0,89.0,46.9,High
80,Male,Chronic Pain,4,99.0,89.0,11.4,High
58,Male,Chronic Pain,1,76.0,105.0,40.6,Low
1,Female,Fever/Cold,2,59.0,106.0,41.6,Low
1,Female,Cardiac Symptoms,3,60.0,89.0,3.2,Low
91,Male,Chronic Pain,2,70.0,85.0,35.7,Low
53,Male,Chronic Pain,2,74.0,141.0,3.6,Medium
86,Female,Cardiac Symptoms,2,76.0,116.0,29.9,Medium
95,Male,Injury/Trauma,3,72.0,115.0,33.6,Medium
96,Female,Injury/Trauma,3,110.0,121.0,18.7,Medium
0,Male,Chronic Pain,3,54.0,151.0,44.1,Low
18,Male,Injury/Trauma,3,85.0,122.0,40.1,Low
1,Male,Injury/Trauma,2,67.0,117.0,46.3,Low
52,Male,Respiratory Issue,5,74.0,107.0,16.1,High
43,Female,Injury/Trauma,5,89.0,131.0,1.6,Medium
89,Female,Fever/Cold,3,48.0,118.0,40.7,Medium
31,Female,Routine Checkup,4,60.0,153.0,11.5,High
69,Male,Chronic Pain,1,72.0,116.0,23.6,Low
31,Female,Chronic Pain,4,97.0,140.0,41.0,Medium
67,Female,Fever/Cold,4,97.0,105.0,11.2,High
54,Female,Routine Checkup,4,94.0,105.0,15.9,Medium
74,Male,Routine Checkup,5,42.0,83.0,22.2,High
55,Male,Fever/Cold,1,59.0,,14.0,Low
16,Female,Cardiac Symptoms,4,59.0,119.0,23.3,Medium
37,Female,Cardiac Symptoms,3,74.0,132.0,1.0,Low
23,Male,Routine Checkup,5,47.0,153.0,11.0,High
68,Male,Cardiac Symptoms,3,91.0,103.0,41.7,High
97,Female,Cardiac Symptoms,3,45.0,100.0,21.0,High
69,Female,Cardiac Symptoms,4,90.0,104.0,32.0,Medium
85,Male,Routine Checkup,3,88.0,77.0,12.0,Medium
10,Female,Cardiac Symptoms,1,58.0,116.0,32.7,Low
15,Female,Chronic Pain,3,93.0,137.0,50.0,Low
96,Female,Respiratory Issue,4,70.0,120.0,30.0,High
72,Female,Routine Checkup,3,66.0,,31.6,Medium
58,Male,Fever/Cold,5,68.0,112.0,6.0,High
69,Female,Cardiac Symptoms,5,69.0,122.0,20.5,High
79,Male,Injury/Trauma,5,71.0,,43.1,High
92,Female,Routine Checkup,2,71.0,135.0,41.8,Medium
2,Female,Fever/Cold,5,61.0,113.0,26.4,High
19,Male,Respiratory Issue,5,65.0,113.0,45.2,Medium
58,Female,Chronic Pain,2,66.0,131.0,7.6,Medium
35,Female,Fever/Cold,5,100.0,108.0,33.1,Medium
18,Male,Cardiac Symptoms,4,66.0,137.0,12.8,Medium
89,Female,Injury/Trauma,5,65.0,106.0,32.5,High
66,Female,Cardiac Symptoms,5,97.0,151.0,4.8,High
18,Female,Fever/Cold,2,70.0,124.0,47.2,Low
19,Male,Routine Checkup,4,61.0,80.0,39.4,Medium
95,Male,Injury/Trauma,3,,132.0,10.4,Medium
70,Male,Injury/Trauma,1,53.0,125.0,32.0,Medium
51,Female,Fever/Cold,4,83.0,129.0,38.1,High
32,Male,Respiratory Issue,3,47.0,165.0,10.9,Medium
39,Female,Respiratory Issue,4,95.0,114.0,5.1,Medium
38,Male,Cardiac Symptoms,3,73.0,88.0,17.9,Medium
81,Female,Fever/Cold,3,68.0,,7.2,High
0,Male,Injury/Trauma,4,71.0,84.0,28.5,Medium
10,Male,Fever/Cold,2,81.0,105.0,21.5,Low
91,Male,Injury/Trauma,4,67.0,120.0,23.4,High
56,Male,Cardiac Symptoms,4,72.0,,27.4,Medium
88,Female,Routine Checkup,3,90.0,118.0,49.1,Medium
49,Female,Routine Checkup,1,80.0,117.0,39.7,Low
22,Female,Fever/Cold,3,56.0,150.0,31.7,Medium
30,Female,Injury/Trauma,5,64.0,71.0,18.5,High
93,Female,Routine Checkup,4,48.0,121.0,1.8,Medium
41,Female,Injury/Trauma,4,84.0,101.0,6.3,Medium
98,Female,Cardiac Symptoms,2,,108.0,36.7,Medium
6,Female,Fever/Cold,3,60.0,133.0,18.8,Medium
15,Male,Injury/Trauma,2,109.0,130.0,17.1,Low
89,Female,Fever/Cold,4,111.0,126.0,44.5,High
59,Male,Injury/Trauma,3,75.0,94.0,24.5,Medium
1,Female,Respiratory Issue,3,63.0,143.0,45.0,Low
0,Female,Respiratory Issue,5,79.0,102.0,44.4,High
47,Male,Injury/Trauma,5,62.0,147.0,4.5,High
11,Male,Cardiac Symptoms,1,89.0,107.0,47.3,Low
68,Female,Fever/Cold,5,77.0,140.0,4.3,High
36,Female,Chronic Pain,3,78.0,122.0,48.2,Low
31,Male,Injury/Trauma,5,101.0,86.0,22.9,High
8,Female,Injury/Trauma,1,65.0,112.0,38.2,Low
98,Female,Respiratory Issue,4,66.0,154.0,35.5,High
18,Female,Routine Checkup,5,87.0,,26.2,High
47,Female,Respiratory Issue,3,68.0,111.0,31.2,Low
79,Female,Fever/Cold,4,99.0,146.0,47.5,Medium
2,Male,Respiratory Issue,3,90.0,125.0,46.4,Medium
19,Female,Chronic Pain,4,69.0,152.0,32.9,High
23,Female,Cardiac Symptoms,3,47.0,118.0,33.1,Low
53,Male,Chronic Pain,5,53.0,114.0,12.7,High
32,Male,Cardiac Symptoms,5,67.0,139.0,41.5,High
23,Male,Chronic Pain,1,81.0,125.0,31.8,Low
74,Female,Respiratory Issue,4,91.0,131.0,41.4,Medium
71,Female,Chronic Pain,1,71.0,102.0,33.1,Low
35,Female,Respiratory Issue,2,61.0,143.0,15.3,Medium
37,Female,Respiratory Issue,5,72.0,,9.9,Medium
83,Female,Fever/Cold,4,75.0,147.0,4.3,High
98,Male,Respiratory Issue,1,94.0,92.0,29.5,Low
88,Male,Routine Checkup,1,93.0,96.0,14.6,Low
98,Male,Chronic Pain,2,59.0,105.0,31.7,Medium
24,Male,Injury/Trauma,1,81.0,115.0,3.4,Low
92,Female,Injury/Trauma,3,62.0,93.0,19.1,High
17,Female,Injury/Trauma,5,62.0,132.0,13.4,Medium
81,Male,Routine Checkup,1,90.0,111.0,18.8,Low
65,Female,Respiratory Issue,1,72.0,145.0,3.2,Low
53,Female,Chronic Pain,2,84.0,161.0,36.3,Medium
34,Male,Cardiac Symptoms,3,83.0,108.0,6.3,Medium
79,Male,Cardiac Symptoms,1,73.0,,1.2,Low
60,Male,Fever/Cold,5,79.0,134.0,47.3,High
40,Male,Routine Checkup,5,78.0,121.0,10.0,High
99,Female,Chronic Pain,1,57.0,127.0,41.5,Low
32,Male,Respiratory Issue,3,82.0,146.0,48.2,Medium
67,Male,Injury/Trauma,5,64.0,114.0,26.9,High
32,Female,Routine Checkup,5,58.0,98.0,26.5,High
13,Other,Routine Checkup,3,87.0,95.0,18.7,Medium
20,Male,Chronic Pain,3,66.0,116.0,21.6,Low
47,Male,Respiratory Issue,1,91.0,112.0,24.4,Low
19,Male,Fever/Cold,4,91.0,137.0,8.0,Medium
7,Male,Respiratory Issue,2,67.0,147.0,18.6,Low
6,Male,Fever/Cold,4,91.0,147.0,40.9,Medium
66,Female,Fever/Cold,4,69.0,105.0,9.5,Medium
16,Male,Injury/Trauma,5,73.0,103.0,36.6,High
32,Male,Injury/Trauma,3,82.0,83.0,32.8,Low
47,Female,Chronic Pain,5,105.0,120.0,3.3,High
75,Male,Respiratory Issue,2,89.0,137.0,1.6,Medium
58,Male,Fever/Cold,1,74.0,105.0,18.0,Low
85,Male,Chronic Pain,2,76.0,90.0,34.8,Medium
21,Female,Fever/Cold,5,51.0,157.0,16.9,High
29,Male,Routine Checkup,5,90.0,105.0,33.6,Medium
37,Female,Cardiac Symptoms,5,88.0,117.0,33.4,High
50,Female,Cardiac Symptoms,5,79.0,110.0,40.4,High
53,Male,Fever/Cold,4,85.0,93.0,5.4,Medium
7,Other,Chronic Pain,1,44.0,138.0,29.1,Low
26,Male,Injury/Trauma,4,58.0,85.0,3.6,High
26,Male,Respiratory Issue,5,102.0,142.0,9.2,High
97,Female,Fever/Cold,3,71.0,125.0,16.6,Medium
20,Female,Fever/Cold,4,,114.0,35.5,Medium
29,Female,Respiratory Issue,5,63.0,114.0,48.7,Medium
96,Male,Injury/Trauma,5,68.0,129.0,17.5,High
27,Male,Fever/Cold,1,102.0,107.0,26.3,Low
63,Female,Routine Checkup,2,72.0,123.0,13.3,Low
96,Male,Injury/Trauma,4,82.0,102.0,33.9,High
68,Male,Routine Checkup,4,,76.0,18.6,High
60,Male,Cardiac Symptoms,4,,132.0,24.3,High
47,Male,Respiratory Issue,5,78.0,168.0,28.6,High
18,Female,Injury/Trauma,1,45.0,131.0,34.5,Low
3,Male,Injury/Trauma,5,82.0,119.0,3.5,Medium
34,Other,Chronic Pain,5,66.0,112.0,28.0,High
63,Male,Chronic Pain,3,101.0,112.0,21.8,High
48,Female,Respiratory Issue,1,63.0,112.0,7.1,Low
16,Male,Injury/Trauma,4,67.0,123.0,10.8,Medium
43,Male,Cardiac Symptoms,2,111.0,72.0,44.3,Low
91,Male,Fever/Cold,4,85.0,68.0,43.7,High
29,Male,Respiratory Issue,5,60.0,129.0,2.1,Medium
92,Female,Respiratory Issue,1,77.0,116.0,34.6,Low
45,Other,Chronic Pain,1,56.0,100.0,27.9,Low
5,Female,Cardiac Symptoms,1,78.0,99.0,47.0,Low
98,Male,Respiratory Issue,3,62.0,,45.4,Medium
36,Male,Cardiac Symptoms,4,102.0,111.0,29.2,High
23,Male,Respiratory Issue,3,81.0,148.0,7.4,Medium
92,Female,Chronic Pain,2,82.0,98.0,23.3,Low
45,Female,Fever/Cold,5,89.0,135.0,36.4,Medium
52,Female,Chronic Pain,3,90.0,131.0,47.6,Medium
94,Male,Respiratory Issue,3,64.0,115.0,18.5,Medium
98,Female,Cardiac Symptoms,5,76.0,135.0,39.3,High
59,Male,Routine Checkup,1,68.0,128.0,34.3,Low
96,Female,Chronic Pain,5,,94.0,4.4,High
62,Female,Cardiac Symptoms,4,40.0,108.0,28.1,Medium
84,Female,Chronic Pain,5,66.0,127.0,9.6,High
31,Female,Respiratory Issue,1,73.0,108.0,34.3,Low
86,Male,Cardiac Symptoms,5,77.0,132.0,30.7,High
32,Female,Fever/Cold,3,76.0,143.0,48.7,Medium
66,Male,Cardiac Symptoms,2,74.0,119.0,46.8,Medium
17,Female,Injury/Trauma,3,72.0,107.0,1.0,Low
24,Male,Routine Checkup,2,78.0,105.0,4.5,Low
94,Female,Respiratory Issue,5,81.0,112.0,38.6,High
53,Female,Cardiac Symptoms,4,101.0,111.0,34.4,High
57,Female,Respiratory Issue,5,101.0,137.0,40.1,High
66,Female,Chronic Pain,1,79.0,108.0,13.7,Low
45,Female,Chronic Pain,5,67.0,116.0,42.5,High
23,Female,Cardiac Symptoms,2,68.0,135.0,22.4,Low
31,Female,Injury/Trauma,3,55.0,113.0,13.5,Medium
46,Female,Cardiac Symptoms,4,89.0,111.0,1.0,Medium
85,Male,Fever/Cold,5,74.0,137.0,43.6,High
22,Female,Injury/Trauma,5,81.0,143.0,27.0,High
65,Female,Respiratory Issue,3,80.0,120.0,48.8,Medium
26,Female,Cardiac Symptoms,4,64.0,153.0,35.9,High
1,Male,Respiratory Issue,5,62.0,123.0,4.5,High
89,Male,Routine Checkup,5,68.0,137.0,29.6,High
16,Female,Injury/Trauma,2,82.0,159.0,1.3,Low
32,Male,Cardiac Symptoms,2,,107.0,28.1,Low
8,Female,Routine Checkup,1,48.0,109.0,17.8,Low
42,Female,Cardiac Symptoms,3,59.0,135.0,32.3,Low
47,Male,Fever/Cold,4,70.0,116.0,27.3,Medium
38,Female,Chronic Pain,5,74.0,101.0,13.4,Medium
92,Female,Respiratory Issue,5,82.0,113.0,8.5,High
41,Female,Cardiac Symptoms,1,75.0,91.0,20.5,Low
25,Female,Injury/Trauma,5,69.0,120.0,49.3,High
98,Male,Cardiac Symptoms,3,69.0,123.0,22.1,Medium
49,Female,Cardiac Symptoms,1,78.0,141.0,37.6,Low
24,Male,Cardiac Symptoms,3,81.0,143.0,3.3,Medium
23,Female,Cardiac Symptoms,1,70.0,113.0,19.3,Low
12,Female,Injury/Trauma,5,58.0,162.0,29.2,High
59,Male,Injury/Trauma,1,73.0,98.0,37.7,Low
6,Female,Cardiac Symptoms,2,65.0,,26.7,Low
56,Female,Chronic Pain,4,79.0,95.0,26.0,High
35,Male,Cardiac Symptoms,5,97.0,96.0,38.3,Medium
44,Other,Respiratory Issue,4,54.0,135.0,16.0,Medium
19,Male,Respiratory Issue,5,92.0,153.0,5.0,High
64,Male,Injury/Trauma,4,82.0,154.0,17.7,High
7,Female,Respiratory Issue,2,91.0,82.0,8.4,Low
15,Female,Respiratory Issue,4,68.0,137.0,48.3,Medium
13,Female,Fever/Cold,1,53.0,150.0,29.1,Low
75,Female,Cardiac Symptoms,4,77.0,139.0,22.6,Medium
86,Female,Cardiac Symptoms,5,95.0,107.0,45.6,High
14,Female,Cardiac Symptoms,3,59.0,123.0,45.1,Low
91,Male,Cardiac Symptoms,4,,100.0,21.1,High
97,Male,Routine Checkup,4,83.0,134.0,43.8,High
65,Male,Cardiac Symptoms,4,67.0,90.0,3.7,Medium
31,Male,Injury/Trauma,5,99.0,133.0,44.3,High
86,Female,Injury/Trauma,4,84.0,105.0,15.9,High
62,Male,Routine Checkup,5,,127.0,28.5,High
85,Male,Cardiac Symptoms,5,66.0,114.0,13.8,High
50,Male,Chronic Pain,3,67.0,,49.2,Low
24,Female,Cardiac Symptoms,1,74.0,138.0,4.1,Low
57,Female,Injury/Trauma,5,79.0,150.0,22.6,High
62,Female,Fever/Cold,2,78.0,102.0,31.2,Low
61,Female,Respiratory Issue,4,58.0,123.0,31.0,Medium
21,Female,Fever/Cold,2,88.0,98.0,37.1,Low
57,Female,Chronic Pain,4,70.0,110.0,36.4,Medium
57,Male,Cardiac Symptoms,3,61.0,105.0,39.8,Medium
85,Female,Routine Checkup,5,68.0,94.0,12.1,High
48,Female,Cardiac Symptoms,1,90.0,141.0,18.8,Low
51,Female,Chronic Pain,5,77.0,122.0,19.4,High
41,Female,Chronic Pain,4,79.0,109.0,47.8,High
69,Female,Respiratory Issue,1,57.0,,20.8,Low
14,Female,Chronic Pain,5,76.0,143.0,11.5,High
53,Female,Fever/Cold,1,89.0,140.0,31.8,Low
59,Male,Respiratory Issue,4,47.0,131.0,21.6,High
96,Female,Cardiac Symptoms,3,69.0,106.0,12.9,Medium
7,Male,Cardiac Symptoms,3,84.0,122.0,35.9,Low
52,Female,Routine Checkup,5,77.0,98.0,10.0,High
59,Female,Chronic Pain,2,59.0,118.0,31.9,Medium
4,Male,Chronic Pain,4,80.0,139.0,21.8,Medium
67,Female,Injury/Trauma,5,57.0,143.0,16.3,High
5,Male,Respiratory Issue,5,61.0,107.0,47.3,Medium
95,Female,Injury/Trauma,3,63.0,136.0,16.6,Medium
93,Male,Respiratory Issue,1,98.0,132.0,17.7,Low
46,Female,Fever/Cold,4,49.0,,43.6,Medium
98,Male,Respiratory Issue,1,51.0,134.0,6.9,Low
54,Female,Cardiac Symptoms,4,79.0,144.0,5.8,High
39,Male,Routine Checkup,2,76.0,137.0,14.5,Low
51,Female,Respiratory Issue,3,67.0,,29.8,Medium
15,Female,Respiratory Issue,2,75.0,114.0,19.5,Low
12,Other,Respiratory Issue,5,59.0,127.0,30.6,High
29,Female,Routine Checkup,3,76.0,103.0,8.4,Medium
18,Female,Chronic Pain,5,78.0,151.0,13.4,High
16,Male,Routine Checkup,2,93.0,126.0,28.5,Low
62,Male,Chronic Pain,4,103.0,110.0,11.2,Medium
18,Male,Cardiac Symptoms,5,70.0,109.0,21.4,Medium
91,Female,Routine Checkup,1,55.0,106.0,28.8,Low
57,Female,Chronic Pain,4,80.0,134.0,48.7,Medium
54,Male,Cardiac Symptoms,4,72.0,,4.5,High
89,Female,Cardiac Symptoms,2,72.0,106.0,23.3,Medium
89,Female,Chronic Pain,2,50.0,149.0,20.1,Medium
61,Female,Chronic Pain,3,76.0,112.0,41.3,Low
22,Male,Fever/Cold,3,81.0,104.0,45.1,Medium
8,Male,Cardiac Symptoms,1,,129.0,45.4,Low
11,Female,Chronic Pain,4,67.0,96.0,19.1,Medium
0,Female,Cardiac Symptoms,1,,92.0,15.6,Low
57,Male,Routine Checkup,1,67.0,100.0,22.7,Low
0,Female,Injury/Trauma,2,89.0,,17.5,Low
33,Female,Injury/Trauma,1,95.0,134.0,36.1,Low
95,Female,Respiratory Issue,1,91.0,94.0,11.1,Low
47,Female,Chronic Pain,5,84.0,127.0,33.1,High
88,Male,Chronic Pain,3,74.0,136.0,46.4,Medium
0,Male,Cardiac Symptoms,3,76.0,148.0,14.4,Medium
15,Female,Respiratory Issue,4,79.0,110.0,34.0,Medium
60,Male,Chronic Pain,3,71.0,111.0,7.6,Medium
63,Male,Cardiac Symptoms,4,88.0,160.0,6.5,High
62,Male,Chronic Pain,5,50.0,,6.2,High
68,Male,Cardiac Symptoms,3,52.0,114.0,7.4,Medium
21,Male,Chronic Pain,5,50.0,142.0,11.2,High
92,Male,Fever/Cold,3,62.0,124.0,28.4,Medium
66,Male,Cardiac Symptoms,3,95.0,120.0,38.5,Medium
75,Male,Fever/Cold,5,57.0,169.0,6.8,High
25,Female,Fever/Cold,1,57.0,141.0,43.6,Low
15,Female,Fever/Cold,1,62.0,157.0,42.2,Low
50,Female,Fever/Cold,1,91.0,98.0,36.5,Low
85,Male,Routine Checkup,1,96.0,155.0,21.6,Low
56,Male,Respiratory Issue,3,90.0,116.0,0.6,Medium
28,Female,Injury/Trauma,2,91.0,116.0,36.9,Low
77,Female,Routine Checkup,5,,127.0,44.0,High
91,Female,Chronic Pain,2,48.0,130.0,17.1,Medium
68,Male,Chronic Pain,2,56.0,141.0,36.0,Medium
46,Female,Respiratory Issue,4,64.0,137.0,3.6,Low
93,Male,Injury/Trauma,1,76.0,106.0,35.6,Low
61,Male,Injury/Trauma,3,76.0,100.0,3.9,Medium
68,Female,Injury/Trauma,1,76.0,116.0,29.6,Low
75,Female,Fever/Cold,1,87.0,119.0,30.1,Low
15,Male,Routine Checkup,2,46.0,121.0,15.5,Low
89,Male,Chronic Pain,4,72.0,147.0,4.4,High
89,Female,Routine Checkup,1,78.0,123.0,47.5,Low
47,Male,Routine Checkup,5,70.0,172.0,27.0,High
84,Male,Routine Checkup,5,77.0,148.0,29.2,High
38,Male,Injury/Trauma,1,90.0,113.0,30.9,Low
99,Female,Respiratory Issue,2,75.0,84.0,44.6,Low
32,Male,Respiratory Issue,2,107.0,167.0,3.5,Medium
93,Other,Injury/Trauma,3,89.0,114.0,44.7,Medium
22,Female,Chronic Pain,4,78.0,138.0,12.4,Medium
9,Other,Chronic Pain,2,82.0,106.0,4.4,Low
68,Female,Chronic Pain,3,86.0,151.0,33.0,Medium
99,Male,Respiratory Issue,5,100.0,136.0,48.9,High
33,Male,Respiratory Issue,5,92.0,98.0,3.3,High
51,Male,Routine Checkup,5,82.0,80.0,21.6,Medium
94,Male,Injury/Trauma,1,64.0,123.0,26.7,Low
9,Female,Fever/Cold,4,81.0,129.0,13.0,Medium
18,Male,Routine Checkup,3,83.0,135.0,49.2,Low
57,Male,Cardiac Symptoms,4,86.0,104.0,32.2,Medium
95,Male,Respiratory Issue,1,63.0,107.0,42.3,Low
0,Female,Routine Checkup,3,86.0,82.0,21.1,Low
68,Male,Injury/Trauma,3,87.0,,18.0,Medium
3,Male,Cardiac Symptoms,2,56.0,87.0,27.9,Low
15,Male,Routine Checkup,4,56.0,105.0,22.0,Medium
23,Female,Injury/Trauma,4,91.0,126.0,35.9,Medium
79,Female,Injury/Trauma,2,62.0,126.0,13.7,Medium
1,Male,Respiratory Issue,5,98.0,106.0,22.8,High
91,Male,Fever/Cold,1,70.0,125.0,44.8,Low
31,Male,Routine Checkup,4,80.0,149.0,37.9,Medium
90,Male,Injury/Trauma,2,80.0,114.0,8.8,Low
83,Female,Chronic Pain,3,64.0,94.0,44.4,Medium
23,Female,Injury/Trauma,2,95.0,135.0,29.7,Low
11,Male,Fever/Cold,5,70.0,141.0,34.1,High
49,Female,Injury/Trauma,1,75.0,106.0,15.1,Low
34,Male,Respiratory Issue,5,45.0,106.0,22.4,High
32,Female,Routine Checkup,3,54.0,80.0,40.4,Low
32,Female,Respiratory Issue,3,91.0,110.0,16.9,Low
60,Male,Routine Checkup,3,74.0,101.0,8.7,Medium
50,Female,Cardiac Symptoms,3,66.0,89.0,19.2,Low
42,Male,Routine Checkup,2,66.0,112.0,3.9,Low
11,Male,Cardiac Symptoms,3,83.0,119.0,36.0,Low
66,Male,Respiratory Issue,3,93.0,116.0,7.8,Medium
64,Male,Chronic Pain,2,66.0,,14.6,Medium
32,Female,Fever/Cold,3,,150.0,44.1,Medium
39,Female,Chronic Pain,5,72.0,126.0,27.3,Medium
73,Female,Cardiac Symptoms,5,82.0,133.0,16.4,High
42,Female,Injury/Trauma,4,48.0,156.0,27.6,Medium
43,Female,Injury/Trauma,5,50.0,139.0,11.3,High
28,Male,Chronic Pain,1,87.0,114.0,1.7,Low
12,Female,Injury/Trauma,1,79.0,82.0,30.4,Low
11,Male,Cardiac Symptoms,1,81.0,112.0,35.8,Low
94,Female,Respiratory Issue,2,58.0,149.0,44.0,Medium
45,Female,Fever/Cold,5,68.0,139.0,38.7,High
1,Male,Routine Checkup,1,49.0,112.0,46.4,Low
34,Female,Cardiac Symptoms,4,62.0,118.0,49.3,Medium
86,Female,Cardiac Symptoms,2,74.0,122.0,37.4,Low
80,Female,Routine Checkup,4,,107.0,43.5,High
89,Male,Routine Checkup,5,64.0,,33.8,High
7,Male,Fever/Cold,3,83.0,107.0,9.0,Low
92,Male,Fever/Cold,4,74.0,129.0,9.5,High
25,Male,Fever/Cold,3,71.0,98.0,6.0,Low
73,Male,Injury/Trauma,2,76.0,148.0,47.2,Medium
89,Female,Cardiac Symptoms,4,106.0,119.0,33.8,High
33,Male,Respiratory Issue,4,72.0,97.0,39.6,Medium
6,Female,Routine Checkup,2,89.0,140.0,16.9,Low
67,Female,Cardiac Symptoms,2,83.0,150.0,23.3,Medium
57,Female,Cardiac Symptoms,1,71.0,182.0,2.5,Medium
74,Male,Fever/Cold,5,51.0,,44.5,High
28,Female,Fever/Cold,4,65.0,102.0,42.7,Low
35,Female,Cardiac Symptoms,4,76.0,124.0,39.3,Medium
88,Male,Fever/Cold,2,73.0,170.0,3.4,Medium
20,Male,Injury/Trauma,2,94.0,104.0,9.1,Low
35,Female,Routine Checkup,5,63.0,94.0,17.0,High
9,Male,Cardiac Symptoms,2,72.0,112.0,13.5,Low
72,Male,Routine Checkup,3,83.0,99.0,42.0,Medium
23,Male,Injury/Trauma,3,70.0,107.0,10.1,Low
63,Male,Fever/Cold,3,89.0,106.0,26.8,Medium
98,Female,Chronic Pain,3,58.0,134.0,28.8,Low
48,Male,Injury/Trauma,5,52.0,94.0,21.5,High
98,Female,Chronic Pain,4,70.0,122.0,12.4,High
35,Female,Routine Checkup,3,73.0,104.0,48.0,Medium
81,Female,Cardiac Symptoms,2,78.0,130.0,21.0,Medium
95,Female,Fever/Cold,3,77.0,133.0,36.5,Medium
23,Female,Injury/Trauma,5,,137.0,9.6,Medium
22,Male,Fever/Cold,2,52.0,137.0,41.2,Low
61,Female,Chronic Pain,3,73.0,107.0,11.2,Low
95,Female,Chronic Pain,4,59.0,119.0,33.9,High
36,Female,Respiratory Issue,2,76.0,149.0,25.6,Low
11,Female,Cardiac Symptoms,2,58.0,128.0,7.8,Low
54,Male,Chronic Pain,4,80.0,137.0,1.7,Medium
12,Male,Cardiac Symptoms,2,100.0,95.0,46.6,Low
22,Female,Respiratory Issue,3,64.0,139.0,6.7,Low
88,Male,Injury/Trauma,2,56.0,82.0,35.4,Medium
98,Female,Respiratory Issue,3,92.0,89.0,32.8,Medium
29,Male,Cardiac Symptoms,4,101.0,102.0,17.4,Medium
16,Male,Chronic Pain,1,56.0,128.0,9.7,Low
61,Male,Routine Checkup,4,73.0,131.0,9.3,High
83,Male,Cardiac Symptoms,3,82.0,103.0,29.5,Medium
88,Female,Fever/Cold,5,71.0,81.0,27.6,High
85,Male,Routine Checkup,4,48.0,139.0,43.9,Medium
12,Other,Cardiac Symptoms,5,54.0,131.0,32.2,Medium
58,Female,Fever/Cold,5,55.0,128.0,41.1,High
18,Male,Respiratory Issue,3,59.0,158.0,2.1,Medium
48,Female,Routine Checkup,3,76.0,123.0,33.7,Low
99,Female,Cardiac Symptoms,1,91.0,100.0,12.1,Low
11,Female,Injury/Trauma,2,54.0,146.0,13.0,Low
60,Male,Respiratory Issue,4,63.0,111.0,36.2,Medium
18,Female,Fever/Cold,3,58.0,117.0,39.8,Low
75,Female,Injury/Trauma,4,79.0,109.0,18.9,High
8,Male,Chronic Pain,5,62.0,103.0,39.6,High
70,Male,Respiratory Issue,2,59.0,111.0,22.5,Low
27,Female,Respiratory Issue,1,51.0,150.0,43.0,Low
77,Male,Cardiac Symptoms,4,95.0,98.0,1.7,High
94,Female,Cardiac Symptoms,2,107.0,141.0,4.6,High
51,Male,Fever/Cold,1,76.0,83.0,38.9,Low
82,Female,Respiratory Issue,4,97.0,,31.4,High
15,Female,Cardiac Symptoms,2,66.0,154.0,28.2,Medium
68,Male,Chronic Pain,3,74.0,99.0,30.9,Low
98,Male,Cardiac Symptoms,4,84.0,121.0,46.5,High
11,Female,Respiratory Issue,2,63.0,132.0,32.9,Low
24,Female,Routine Checkup,1,72.0,107.0,32.6,Low
51,Female,Injury/Trauma,2,70.0,157.0,38.1,Low
84,Male,Respiratory Issue,3,81.0,120.0,43.4,Medium
99,Male,Chronic Pain,4,75.0,109.0,13.5,High
52,Male,Respiratory Issue,4,64.0,121.0,31.0,High
22,Female,Chronic Pain,4,70.0,105.0,29.4,Medium
15,Male,Respiratory Issue,3,91.0,120.0,7.2,Low
56,Male,Injury/Trauma,1,83.0,111.0,26.3,Low
38,Female,Injury/Trauma,4,81.0,104.0,3.9,Medium
52,Female,Chronic Pain,1,108.0,135.0,9.7,Low
41,Male,Respiratory Issue,2,58.0,86.0,45.7,Low
57,Male,Injury/Trauma,1,85.0,155.0,6.4,Low
38,Female,Fever/Cold,1,75.0,124.0,29.2,Low
13,Female,Respiratory Issue,4,80.0,156.0,16.5,Medium
94,Male,Injury/Trauma,5,77.0,139.0,28.0,High
4,Female,Routine Checkup,5,64.0,93.0,12.1,Medium
34,Female,Routine Checkup,3,59.0,121.0,22.5,Medium
86,Male,Fever/Cold,3,74.0,84.0,43.4,High
92,Male,Injury/Trauma,5,63.0,101.0,19.1,High
74,Female,Routine Checkup,2,69.0,117.0,18.0,Low
17,Female,Respiratory Issue,4,86.0,105.0,22.6,Medium
75,Male,Cardiac Symptoms,4,56.0,110.0,5.5,High
8,Female,Injury/Trauma,2,72.0,106.0,19.7,Low
73,Female,Fever/Cold,2,90.0,164.0,0.8,Medium
57,Male,Injury/Trauma,5,67.0,122.0,25.4,Medium
16,Female,Chronic Pain,3,97.0,132.0,42.5,Low
6,Female,Chronic Pain,2,51.0,118.0,27.8,Low
45,Male,Routine Checkup,3,102.0,126.0,30.6,Medium
12,Male,Chronic Pain,1,75.0,78.0,2.0,Low
39,Male,Fever/Cold,4,55.0,153.0,43.0,High
41,Female,Routine Checkup,5,87.0,105.0,19.6,Medium
8,Female,Fever/Cold,4,81.0,142.0,48.8,High
49,Male,Respiratory Issue,5,95.0,143.0,6.5,High
26,Female,Fever/Cold,1,51.0,84.0,47.3,Low
65,Female,Chronic Pain,4,58.0,121.0,31.9,Medium
4,Female,Respiratory Issue,1,86.0,128.0,3.1,Low
28,Male,Chronic Pain,5,113.0,122.0,48.6,High
36,Male,Fever/Cold,2,83.0,119.0,1.2,Low
37,Male,Chronic Pain,4,85.0,111.0,36.7,Medium
82,Female,Chronic Pain,1,63.0,,44.5,Low
7,Male,Chronic Pain,4,72.0,141.0,9.2,Medium
64,Female,Injury/Trauma,4,65.0,127.0,17.5,High
85,Male,Respiratory Issue,4,82.0,123.0,28.3,High
16,Male,Respiratory Issue,3,88.0,87.0,34.2,Low
70,Female,Respiratory Issue,1,77.0,114.0,43.7,Low
88,Female,Fever/Cold,1,86.0,118.0,38.2,Low
44,Male,Cardiac Symptoms,4,74.0,136.0,18.5,Medium
3,Male,Fever/Cold,2,,85.0,41.2,Low
35,Female,Respiratory Issue,4,62.0,98.0,48.3,Medium
69,Male,Routine Checkup,3,96.0,155.0,11.7,Medium
30,Male,Chronic Pain,5,64.0,104.0,4.2,High
18,Female,Chronic Pain,3,75.0,82.0,21.6,Low
60,Male,Cardiac Symptoms,2,57.0,106.0,44.1,Low
53,Male,Routine Checkup,4,82.0,,7.9,Medium
38,Male,Injury/Trauma,1,76.0,133.0,44.3,Low
90,Male,Fever/Cold,4,86.0,132.0,49.6,Medium
73,Male,Injury/Trauma,2,48.0,100.0,3.2,Low
89,Male,Routine Checkup,1,77.0,112.0,25.0,Low
18,Male,Cardiac Symptoms,3,81.0,130.0,16.8,Low
38,Male,Routine Checkup,5,60.0,131.0,20.0,Medium
66,Female,Cardiac Symptoms,5,82.0,99.0,22.9,High
44,Male,Injury/Trauma,4,40.0,101.0,37.1,Medium
12,Male,Injury/Trauma,3,73.0,162.0,29.8,Low
91,Female,Routine Checkup,2,96.0,114.0,48.1,Low
57,Female,Routine Checkup,5,72.0,149.0,17.0,High
19,Male,Chronic Pain,3,64.0,124.0,27.3,Medium
91,Female,Cardiac Symptoms,4,,141.0,40.8,High
71,Male,Chronic Pain,1,76.0,132.0,19.0,Low
60,Male,Fever/Cold,4,88.0,123.0,23.5,Medium
38,Female,Fever/Cold,4,76.0,123.0,34.4,Medium
0,Female,Routine Checkup,3,,95.0,43.1,Low
2,Male,Injury/Trauma,5,76.0,116.0,21.1,High
76,Male,Fever/Cold,3,63.0,109.0,26.8,Medium
91,Female,Fever/Cold,1,53.0,113.0,48.8,Low
61,Male,Chronic Pain,3,80.0,112.0,2.6,Medium
62,Female,Chronic Pain,2,37.0,123.0,22.7,Low
24,Male,Fever/Cold,4,48.0,132.0,32.0,Medium
55,Female,Routine Checkup,5,54.0,117.0,0.9,High
32,Female,Chronic Pain,1,85.0,139.0,30.0,Low
37,Female,Fever/Cold,4,52.0,111.0,3.3,Medium
5,Female,Injury/Trauma,3,82.0,121.0,42.9,Low
57,Female,Chronic Pain,2,59.0,170.0,40.5,Medium
43,Male,Fever/Cold,3,72.0,95.0,2.1,Low
44,Male,Cardiac Symptoms,4,74.0,111.0,2.9,Medium
31,Male,Chronic Pain,1,72.0,83.0,37.8,Low
44,Female,Cardiac Symptoms,5,65.0,124.0,18.8,High
60,Female,Chronic Pain,4,51.0,120.0,29.0,High
46,Male,Chronic Pain,1,75.0,122.0,13.9,Low
20,Male,Respiratory Issue,4,83.0,101.0,9.1,Medium
79,Male,Respiratory Issue,2,85.0,104.0,15.2,Medium
84,Female,Cardiac Symptoms,3,76.0,121.0,12.7,Medium
74,Male,Routine Checkup,5,78.0,91.0,22.7,High
35,Female,Fever/Cold,1,63.0,137.0,37.5,Low
98,Other,Routine Checkup,5,81.0,92.0,27.9,High
18,Male,Routine Checkup,5,81.0,116.0,30.7,Medium
19,Male,Respiratory Issue,5,70.0,111.0,23.8,Medium
56,Male,Fever/Cold,1,75.0,109.0,16.6,Low
17,Male,Respiratory Issue,1,74.0,87.0,7.6,Low
46,Male,Respiratory Issue,5,81.0,119.0,18.1,High
48,Male,Respiratory Issue,3,51.0,95.0,33.4,Low
13,Female,Injury/Trauma,4,51.0,122.0,36.8,Medium
14,Male,Routine Checkup,5,52.0,104.0,23.7,Medium
30,Female,Routine Checkup,2,68.0,118.0,32.4,Low
0,Female,Routine Checkup,5,81.0,83.0,10.9,Medium
53,Female,Injury/Trauma,1,41.0,138.0,43.1,Low
2,Male,Chronic Pain,4,76.0,141.0,43.4,Medium
15,Female,Cardiac Symptoms,2,92.0,108.0,16.4,Low
86,Male,Cardiac Symptoms,4,79.0,176.0,27.6,High
56,Female,Injury/Trauma,4,44.0,135.0,30.5,Medium
74,Female,Routine Checkup,2,82.0,114.0,23.9,Low
11,Female,Cardiac Symptoms,5,,110.0,45.6,Medium
73,Male,Injury/Trauma,5,69.0,104.0,37.1,High
95,Female,Respiratory Issue,5,77.0,108.0,33.8,High
15,Male,Fever/Cold,3,54.0,117.0,26.2,Low
71,Male,Cardiac Symptoms,5,75.0,119.0,4.7,High
75,Male,Fever/Cold,2,82.0,91.0,5.8,Low
23,Male,Routine Checkup,3,64.0,147.0,15.3,Medium
27,Male,Cardiac Symptoms,5,67.0,135.0,11.0,High
7,Female,Injury/Trauma,3,66.0,156.0,47.7,Low
91,Female,Chronic Pain,2,67.0,127.0,20.8,Medium
35,Male,Cardiac Symptoms,5,62.0,140.0,43.9,High
89,Male,Cardiac Symptoms,1,63.0,94.0,41.0,Low
7,Male,Cardiac Symptoms,2,82.0,132.0,40.7,Low
57,Male,Cardiac Symptoms,4,48.0,84.0,11.2,High
59,Male,Injury/Trauma,4,77.0,100.0,22.6,High
49,Female,Injury/Trauma,2,82.0,170.0,16.2,Medium
27,Male,Chronic Pain,4,54.0,113.0,48.5,Medium
91,Male,Injury/Trauma,2,73.0,119.0,43.9,Medium
40,Male,Injury/Trauma,1,,134.0,12.9,Low
99,Female,Routine Checkup,2,92.0,119.0,16.0,Medium
63,Female,Routine Checkup,5,71.0,99.0,26.7,High
26,Female,Fever/Cold,5,97.0,100.0,14.3,High
62,Female,Chronic Pain,3,94.0,136.0,41.3,Medium
16,Male,Routine Checkup,4,79.0,125.0,41.1,Medium
72,Male,Chronic Pain,4,107.0,136.0,36.4,High
32,Female,Chronic Pain,2,51.0,131.0,34.6,Low
83,Male,Cardiac Symptoms,4,96.0,121.0,27.6,High
76,Female,Respiratory Issue,5,70.0,120.0,17.7,High
91,Male,Respiratory Issue,1,73.0,121.0,41.9,Medium
28,Male,Respiratory Issue,2,68.0,112.0,43.0,Low
12,Female,Chronic Pain,4,53.0,112.0,3.0,Medium
45,Female,Cardiac Symptoms,5,83.0,130.0,20.2,Medium
34,Female,Fever/Cold,3,56.0,,1.8,Medium
5,Male,Fever/Cold,4,66.0,86.0,42.1,High
81,Female,Respiratory Issue,1,66.0,167.0,9.3,Medium
68,Male,Fever/Cold,1,89.0,133.0,33.9,Low
46,Male,Cardiac Symptoms,4,73.0,128.0,18.2,Medium
24,Male,Respiratory Issue,4,38.0,99.0,40.9,Medium
65,Male,Cardiac Symptoms,5,61.0,105.0,25.7,High
9,Male,Fever/Cold,4,51.0,,16.6,Low
55,Male,Respiratory Issue,3,82.0,125.0,16.5,Medium
29,Male,Cardiac Symptoms,5,57.0,94.0,16.7,High
4,Male,Injury/Trauma,2,65.0,102.0,39.5,Low
32,Male,Injury/Trauma,3,101.0,105.0,35.7,Medium
64,Male,Cardiac Symptoms,5,84.0,103.0,16.3,High
17,Male,Cardiac Symptoms,5,57.0,125.0,24.8,High
95,Female,Routine Checkup,1,87.0,99.0,4.3,Low
48,Male,Routine Checkup,5,64.0,135.0,41.5,High
10,Male,Chronic Pain,3,87.0,90.0,13.7,Medium
84,Male,Respiratory Issue,4,68.0,139.0,44.5,High
25,Female,Chronic Pain,3,60.0,181.0,30.0,Medium
62,Female,Chronic Pain,2,59.0,135.0,28.6,Low
88,Female,Fever/Cold,5,79.0,109.0,8.6,High
85,Female,Injury/Trauma,5,,109.0,3.9,High
58,Female,Fever/Cold,5,80.0,97.0,27.9,High
26,Female,Respiratory Issue,5,68.0,141.0,23.7,High
48,Female,Cardiac Symptoms,1,48.0,123.0,6.4,Low
76,Male,Routine Checkup,1,,83.0,41.9,Low
32,Male,Respiratory Issue,4,56.0,90.0,21.2,Medium
97,Male,Cardiac Symptoms,5,95.0,84.0,13.4,High
98,Female,Respiratory Issue,2,69.0,135.0,39.5,Medium
0,Female,Cardiac Symptoms,4,79.0,99.0,45.7,Medium
20,Female,Routine Checkup,5,69.0,136.0,15.6,High
54,Male,Cardiac Symptoms,1,81.0,108.0,38.9,Low
5,Male,Chronic Pain,2,85.0,,32.8,Low
91,Male,Respiratory Issue,4,109.0,114.0,49.5,High
80,Male,Routine Checkup,2,68.0,138.0,10.6,Low
68,Female,Cardiac Symptoms,5,90.0,104.0,48.1,High
94,Female,Chronic Pain,3,79.0,105.0,16.1,Medium
4,Male,Chronic Pain,2,66.0,110.0,20.9,Low
2,Female,Injury/Trauma,2,67.0,136.0,18.3,Low
52,Male,Chronic Pain,1,82.0,98.0,13.8,Low
22,Female,Fever/Cold,5,70.0,108.0,34.8,High
52,Male,Routine Checkup,2,76.0,115.0,29.7,Low
36,Male,Routine Checkup,5,84.0,127.0,15.6,High
73,Male,Routine Checkup,1,112.0,112.0,7.0,Medium
73,Male,Cardiac Symptoms,5,75.0,131.0,16.2,High
82,Male,Respiratory Issue,1,58.0,105.0,19.4,Low
16,Female,Cardiac Symptoms,1,80.0,139.0,19.3,Low
84,Female,Fever/Cold,4,67.0,135.0,18.2,Medium
77,Female,Respiratory Issue,5,103.0,108.0,2.9,High
72,Male,Chronic Pain,3,67.0,134.0,23.5,High
0,Female,Cardiac Symptoms,4,75.0,98.0,41.9,Low
50,Male,Respiratory Issue,1,84.0,123.0,9.4,Low
44,Male,Chronic Pain,3,82.0,104.0,7.7,Low
76,Female,Respiratory Issue,2,95.0,126.0,23.9,Medium
3,Female,Chronic Pain,2,85.0,116.0,18.8,Low
61,Male,Respiratory Issue,4,110.0,104.0,28.3,High
64,Male,Cardiac Symptoms,3,81.0,88.0,47.4,Medium
31,Other,Cardiac Symptoms,5,94.0,115.0,38.2,Medium
33,Male,Fever/Cold,3,67.0,143.0,34.5,Low
91,Male,Injury/Trauma,4,104.0,125.0,21.1,High
94,Female,Routine Checkup,5,,88.0,14.7,High
71,Male,Cardiac Symptoms,5,97.0,115.0,27.2,High
38,Male,Cardiac Symptoms,2,88.0,143.0,44.3,Low
25,Male,Chronic Pain,3,76.0,113.0,43.9,Medium
33,Female,Injury/Trauma,5,97.0,100.0,22.6,High
53,Female,Cardiac Symptoms,4,74.0,154.0,12.7,High
2,Female,Respiratory Issue,2,95.0,98.0,11.7,Low
49,Other,Injury/Trauma,5,80.0,115.0,2.2,High
11,Female,Routine Checkup,3,69.0,107.0,42.2,Low
64,Male,Respiratory Issue,2,79.0,133.0,13.6,Medium
53,Male,Chronic Pain,3,75.0,129.0,18.3,Low
4,Female,Fever/Cold,3,68.0,102.0,40.6,Low
93,Female,Respiratory Issue,3,78.0,106.0,6.4,Medium
93,Female,Routine Checkup,2,81.0,122.0,23.3,Medium
56,Female,Respiratory Issue,5,38.0,124.0,6.6,High
16,Male,Injury/Trauma,1,82.0,115.0,22.4,Low
46,Male,Injury/Trauma,5,86.0,113.0,2.8,High
22,Male,Routine Checkup,2,96.0,95.0,26.1,Low
78,Male,Injury/Trauma,1,56.0,157.0,39.9,Medium
84,Male,Respiratory Issue,1,,132.0,34.0,Low
13,Female,Fever/Cold,1,78.0,120.0,25.7,Low
65,Female,Respiratory Issue,4,64.0,139.0,41.5,High
74,Male,Fever/Cold,2,57.0,115.0,11.8,Medium
50,Male,Injury/Trauma,4,68.0,103.0,41.6,Medium
37,Female,Respiratory Issue,1,69.0,126.0,14.2,Low
63,Male,Injury/Trauma,4,59.0,122.0,18.4,Medium
97,Female,Fever/Cold,4,59.0,153.0,6.9,High
37,Female,Injury/Trauma,2,73.0,105.0,5.5,Low
49,Female,Cardiac Symptoms,3,53.0,,46.6,Medium
97,Female,Chronic Pain,4,53.0,162.0,9.9,High
81,Female,Respiratory Issue,4,76.0,143.0,17.0,High
29,Male,Cardiac Symptoms,1,97.0,132.0,26.7,Low
78,Male,Injury/Trauma,1,85.0,,17.7,Low
90,Male,Injury/Trauma,1,93.0,128.0,43.6,Low
50,Female,Chronic Pain,5,47.0,94.0,45.1,High
62,Male,Injury/Trauma,4,53.0,109.0,16.6,High
97,Male,Chronic Pain,1,75.0,96.0,5.1,Low
51,Female,Respiratory Issue,2,87.0,104.0,10.9,Low
37,Female,Fever/Cold,5,84.0,96.0,24.0,Medium
96,Female,Chronic Pain,3,54.0,133.0,14.8,Medium
87,Male,Chronic Pain,4,92.0,155.0,22.9,High
78,Male,Cardiac Symptoms,4,73.0,139.0,38.1,High
29,Male,Injury/Trauma,2,86.0,134.0,21.3,Low
50,Male,Respiratory Issue,3,65.0,113.0,10.3,Low
80,Male,Fever/Cold,3,51.0,123.0,18.2,Medium
4,Male,Routine Checkup,5,87.0,98.0,37.3,Medium
28,Female,Chronic Pain,4,82.0,94.0,21.5,Medium
3,Male,Routine Checkup,1,56.0,90.0,12.9,Low
9,Female,Injury/Trauma,2,64.0,95.0,21.7,Low
55,Female,Chronic Pain,2,85.0,133.0,23.0,Low
16,Male,Routine Checkup,2,78.0,135.0,15.2,Low
73,Female,Cardiac Symptoms,2,,101.0,49.8,Low
16,Male,Routine Checkup,1,67.0,125.0,38.5,Low
83,Male,Cardiac Symptoms,1,96.0,142.0,34.8,Low
87,Female,Fever/Cold,5,73.0,116.0,42.8,High
68,Male,Injury/Trauma,4,39.0,105.0,33.5,High
33,Other,Respiratory Issue,1,76.0,111.0,39.7,Low
5,Male,Routine Checkup,5,84.0,148.0,20.9,High
52,Female,Chronic Pain,3,79.0,118.0,25.3,Medium
65,Male,Injury/Trauma,4,68.0,162.0,2.8,High
76,Male,Routine Checkup,1,45.0,106.0,14.4,Low
42,Male,Chronic Pain,3,65.0,109.0,18.7,Medium
74,Female,Chronic Pain,5,66.0,91.0,31.5,High
22,Female,Respiratory Issue,1,65.0,141.0,23.5,Low
54,Female,Respiratory Issue,1,84.0,121.0,30.6,Low
79,Female,Chronic Pain,3,69.0,101.0,35.8,Medium
94,Female,Respiratory Issue,1,95.0,112.0,2.6,Low
74,Female,Chronic Pain,2,71.0,129.0,13.3,Low
15,Female,Routine Checkup,1,,103.0,9.0,Low
7,Female,Fever/Cold,4,78.0,126.0,9.8,Low
3,Female,Respiratory Issue,3,78.0,137.0,25.4,Medium
3,Female,Cardiac Symptoms,4,64.0,111.0,37.1,Medium
55,Male,Cardiac Symptoms,5,54.0,82.0,14.0,Medium
24,Female,Cardiac Symptoms,4,73.0,114.0,41.3,Medium
66,Female,Fever/Cold,2,100.0,109.0,44.7,Low
95,Male,Chronic Pain,2,68.0,95.0,17.9,Low
66,Male,Chronic Pain,4,65.0,131.0,34.2,Medium
26,Male,Injury/Trauma,5,72.0,132.0,6.3,Medium
92,Female,Cardiac Symptoms,1,101.0,124.0,37.3,Medium
31,Female,Cardiac Symptoms,2,86.0,111.0,8.7,Low
49,Male,Chronic Pain,4,93.0,122.0,34.5,Medium
60,Female,Cardiac Symptoms,4,45.0,106.0,21.4,High
50,Female,Chronic Pain,4,62.0,133.0,46.5,Medium
18,Male,Chronic Pain,1,63.0,111.0,23.5,Low
20,Female,Respiratory Issue,3,92.0,114.0,2.0,Low
4,Other,Chronic Pain,5,84.0,116.0,24.3,Medium
81,Female,Routine Checkup,3,90.0,185.0,39.9,Medium
91,Female,Routine Checkup,5,46.0,99.0,32.5,High
41,Other,Routine Checkup,5,91.0,,48.3,High
60,Female,Routine Checkup,4,84.0,87.0,42.2,High
21,Male,Fever/Cold,2,61.0,125.0,26.6,Low
20,Female,Injury/Trauma,4,72.0,,10.7,High
69,Female,Injury/Trauma,1,61.0,115.0,0.7,Low
0,Female,Chronic Pain,5,73.0,107.0,49.0,Medium
4,Male,Cardiac Symptoms,2,81.0,118.0,46.9,Low
11,Female,Routine Checkup,5,96.0,140.0,14.1,Medium
89,Male,Injury/Trauma,5,60.0,147.0,32.1,High
45,Female,Injury/Trauma,4,,99.0,36.6,Medium
33,Male,Routine Checkup,2,58.0,133.0,29.1,Low
48,Male,Fever/Cold,2,86.0,117.0,42.2,Low
77,Male,Fever/Cold,5,51.0,,4.4,High
89,Male,Injury/Trauma,2,77.0,165.0,44.9,Medium
44,Female,Fever/Cold,2,56.0,156.0,19.9,Medium
26,Female,Respiratory Issue,4,75.0,100.0,24.3,Medium
72,Female,Routine Checkup,3,92.0,103.0,22.5,Medium
25,Male,Injury/Trauma,1,67.0,,26.8,Low
46,Male,Routine Checkup,3,78.0,117.0,30.1,Medium
85,Female,Fever/Cold,2,61.0,104.0,35.7,Low
55,Female,Routine Checkup,5,73.0,92.0,26.5,High
93,Male,Fever/Cold,1,51.0,122.0,34.4,Low
62,Female,Fever/Cold,1,85.0,111.0,17.2,Low
47,Male,Routine Checkup,5,68.0,127.0,46.9,Medium
60,Female,Fever/Cold,1,71.0,123.0,3.7,Low
80,Female,Respiratory Issue,5,76.0,95.0,27.5,High
25,Male,Chronic Pain,1,45.0,103.0,4.8,Low
35,Male,Routine Checkup,3,64.0,138.0,22.4,Medium
0,Female,Chronic Pain,1,77.0,,13.3,Low
7,Male,Routine Checkup,4,72.0,112.0,46.9,Medium
98,Male,Fever/Cold,5,107.0,123.0,1.1,High
51,Female,Fever/Cold,1,93.0,99.0,19.9,Low
78,Male,Injury/Trauma,5,77.0,118.0,39.2,High
46,Male,Respiratory Issue,4,59.0,142.0,9.8,High
55,Female,Injury/Trauma,1,67.0,153.0,40.9,Low
85,Female,Chronic Pain,1,84.0,117.0,43.1,Low
13,Female,Fever/Cold,4,76.0,113.0,35.5,Medium
89,Female,Injury/Trauma,4,94.0,91.0,10.8,Medium
27,Female,Fever/Cold,4,76.0,108.0,14.0,Medium
86,Female,Routine Checkup,5,76.0,118.0,8.8,High
77,Male,Injury/Trauma,4,99.0,116.0,9.6,Medium
87,Female,Chronic Pain,5,58.0,108.0,2.3,High
1,Other,Injury/Trauma,3,101.0,143.0,42.9,High
25,Male,Fever/Cold,1,86.0,128.0,26.7,Low
13,Male,Cardiac Symptoms,1,123.0,116.0,16.7,Low
58,Female,Cardiac Symptoms,2,64.0,133.0,14.8,Medium
55,Male,Respiratory Issue,3,99.0,119.0,27.5,Medium
6,Male,Fever/Cold,4,77.0,,16.7,Medium
2,Female,Routine Checkup,4,72.0,104.0,43.3,Low
22,Female,Injury/Trauma,3,79.0,126.0,10.9,Low
17,Male,Cardiac Symptoms,4,76.0,77.0,44.2,Medium
37,Male,Routine Checkup,2,63.0,112.0,33.4,Low
98,Male,Fever/Cold,5,73.0,123.0,47.9,High
14,Female,Routine Checkup,1,79.0,113.0,1.2,Low
63,Male,Fever/Cold,3,68.0,97.0,3.4,High
88,Male,Respiratory Issue,1,83.0,106.0,25.3,Low
27,Male,Injury/Trauma,5,70.0,99.0,45.7,Medium
73,Male,Routine Checkup,3,81.0,117.0,36.7,Low
38,Female,Injury/Trauma,5,80.0,135.0,31.3,High
56,Female,Routine Checkup,4,81.0,113.0,2.1,Medium
16,Female,Fever/Cold,4,54.0,156.0,18.0,Medium
85,Female,Fever/Cold,4,91.0,124.0,17.6,High
89,Male,Routine Checkup,5,62.0,79.0,27.3,High
43,Female,Respiratory Issue,5,72.0,126.0,13.3,High
24,Female,Fever/Cold,5,65.0,118.0,13.7,High
16,Male,Chronic Pain,1,76.0,147.0,31.2,Low
12,Female,Chronic Pain,5,73.0,119.0,47.3,High
83,Male,Injury/Trauma,4,84.0,114.0,33.2,High
24,Female,Chronic Pain,2,75.0,161.0,33.6,Low
67,Male,Chronic Pain,5,69.0,77.0,49.3,High
9,Other,Respiratory Issue,2,48.0,113.0,8.1,Low
66,Male,Respiratory Issue,4,88.0,125.0,2.2,Medium
17,Female,Cardiac Symptoms,5,82.0,112.0,37.4,High
99,Female,Cardiac Symptoms,1,88.0,77.0,22.2,Low
85,Female,Respiratory Issue,1,72.0,128.0,21.7,Low
33,Male,Cardiac Symptoms,2,80.0,110.0,11.7,Low
7,Female,Respiratory Issue,1,65.0,117.0,25.6,Low
39,Female,Cardiac Symptoms,1,63.0,145.0,22.4,Low
82,Male,Fever/Cold,1,70.0,126.0,17.6,Low
41,Male,Respiratory Issue,4,88.0,107.0,22.4,Medium
40,Female,Injury/Trauma,1,70.0,127.0,19.5,Low
5,Female,Injury/Trauma,3,74.0,111.0,47.0,Low
51,Male,Respiratory Issue,5,78.0,113.0,49.0,High
25,Male,Chronic Pain,1,75.0,135.0,42.1,Low
63,Male,Injury/Trauma,1,90.0,107.0,49.5,Low
97,Female,Chronic Pain,1,,131.0,13.7,Low
58,Female,Injury/Trauma,3,76.0,115.0,42.2,Low
55,Female,Routine Checkup,1,82.0,109.0,20.6,Low
58,Female,Routine Checkup,1,50.0,109.0,37.4,Low
69,Male,Respiratory Issue,5,78.0,107.0,10.5,High
32,Male,Injury/Trauma,3,95.0,121.0,40.7,Medium
52,Male,Fever/Cold,3,69.0,114.0,4.6,Medium
21,Male,Chronic Pain,1,58.0,,13.9,Low
20,Female,Injury/Trauma,3,82.0,102.0,41.2,Medium
69,Female,Respiratory Issue,2,77.0,130.0,37.5,Low
69,Male,Chronic Pain,3,97.0,142.0,25.3,Medium
3,Male,Cardiac Symptoms,3,81.0,154.0,33.8,Medium
93,Female,Respiratory Issue,3,60.0,103.0,9.7,Medium
74,Female,Injury/Trauma,4,60.0,140.0,33.6,High
61,Male,Fever/Cold,4,87.0,124.0,0.9,Medium
61,Female,Cardiac Symptoms,4,80.0,141.0,41.7,High
93,Female,Respiratory Issue,3,74.0,107.0,26.1,High
94,Male,Injury/Trauma,2,77.0,117.0,47.2,Low
23,Female,Routine Checkup,3,81.0,112.0,24.2,Low
54,Male,Injury/Trauma,1,80.0,110.0,21.9,Low
8,Female,Routine Checkup,2,52.0,120.0,22.8,Low
2,Other,Routine Checkup,4,93.0,169.0,18.3,Medium
30,Female,Respiratory Issue,5,94.0,133.0,8.8,Medium
39,Female,Injury/Trauma,2,102.0,112.0,42.2,Low
35,Male,Injury/Trauma,4,98.0,114.0,19.8,Medium
23,Female,Routine Checkup,2,96.0,131.0,26.7,Low
94,Female,Chronic Pain,2,70.0,116.0,1.5,Low
5,Female,Cardiac Symptoms,3,79.0,116.0,3.5,Low
65,Female,Fever/Cold,1,92.0,97.0,30.1,Low
83,Female,Injury/Trauma,5,47.0,119.0,44.0,High
91,Female,Cardiac Symptoms,4,71.0,69.0,24.9,Medium
74,Male,Cardiac Symptoms,2,49.0,84.0,8.7,Low
3,Female,Chronic Pain,5,79.0,112.0,6.2,High
78,Female,Cardiac Symptoms,2,93.0,133.0,45.0,Low
5,Female,Injury/Trauma,1,75.0,152.0,35.2,Low
93,Female,Respiratory Issue,5,66.0,128.0,48.3,High
50,Male,Respiratory Issue,4,79.0,130.0,4.6,Medium
61,Male,Cardiac Symptoms,2,81.0,122.0,45.2,Low
56,Female,Injury/Trauma,1,82.0,,42.4,Low
65,Female,Injury/Trauma,5,56.0,124.0,44.7,High
78,Male,Routine Checkup,2,78.0,127.0,0.8,Low
74,Female,Chronic Pain,2,77.0,88.0,37.2,Medium
7,Male,Fever/Cold,4,89.0,125.0,27.7,Medium
25,Female,Routine Checkup,1,73.0,120.0,28.9,Low
50,Male,Fever/Cold,3,104.0,111.0,23.7,High
44,Male,Injury/Trauma,2,76.0,113.0,37.3,Low
43,Male,Respiratory Issue,5,67.0,93.0,50.0,High
4,Male,Routine Checkup,4,59.0,130.0,35.7,Medium
69,Female,Cardiac Symptoms,4,67.0,124.0,34.1,Medium
25,Male,Cardiac Symptoms,2,63.0,121.0,32.9,Low
67,Male,Fever/Cold,2,72.0,124.0,34.9,Low
18,Female,Injury/Trauma,2,100.0,95.0,17.4,Low
83,Female,Respiratory Issue,3,53.0,155.0,16.4,High
96,Male,Fever/Cold,2,54.0,138.0,39.3,Medium
19,Other,Respiratory Issue,1,71.0,132.0,3.1,Low
11,Male,Chronic Pain,5,54.0,149.0,38.1,High
46,Female,Respiratory Issue,2,60.0,124.0,40.8,Low
0,Female,Cardiac Symptoms,3,80.0,114.0,26.3,Low
89,Male,Routine Checkup,5,74.0,125.0,45.6,High
13,Male,Routine Checkup,4,81.0,150.0,23.9,Medium
63,Male,Routine Checkup,2,83.0,102.0,9.3,Low
37,Male,Respiratory Issue,5,95.0,150.0,18.4,High
36,Female,Cardiac Symptoms,4,80.0,92.0,45.3,Medium
10,Male,Respiratory Issue,3,93.0,130.0,49.7,Low
99,Male,Injury/Trauma,1,76.0,140.0,21.4,Low
76,Male,Cardiac Symptoms,2,80.0,132.0,8.8,Low
2,Male,Cardiac Symptoms,1,80.0,140.0,14.7,Low
32,Female,Respiratory Issue,3,79.0,117.0,27.9,Medium
5,Male,Respiratory Issue,5,78.0,94.0,28.8,Medium
49,Female,Routine Checkup,5,102.0,141.0,31.7,High
9,Male,Cardiac Symptoms,3,85.0,156.0,41.8,Medium
4,Male,Routine Checkup,3,68.0,116.0,35.7,Medium
22,Female,Injury/Trauma,2,110.0,133.0,13.4,Low
9,Male,Chronic Pain,4,69.0,103.0,20.1,Medium
43,Female,Routine Checkup,1,74.0,101.0,42.1,Low
1,Female,Respiratory Issue,1,62.0,122.0,31.9,Low
12,Male,Fever/Cold,5,85.0,105.0,8.7,Medium
39,Male,Chronic Pain,5,100.0,121.0,16.6,High
1,Male,Injury/Trauma,2,52.0,180.0,39.7,Low
83,Male,Respiratory Issue,3,70.0,105.0,9.0,Medium
64,Male,Chronic Pain,1,91.0,126.0,34.7,Low
62,Male,Respiratory Issue,2,59.0,84.0,28.4,Low
72,Male,Routine Checkup,5,83.0,130.0,7.8,High
16,Female,Respiratory Issue,5,55.0,105.0,34.6,High
8,Female,Injury/Trauma,1,81.0,125.0,7.5,Low
74,Female,Fever/Cold,5,76.0,125.0,20.2,High
14,Male,Routine Checkup,5,124.0,122.0,15.8,High
23,Male,Routine Checkup,4,86.0,101.0,34.7,Medium
37,Female,Injury/Trauma,3,42.0,114.0,39.2,Medium
34,Female,Injury/Trauma,5,73.0,124.0,8.8,Medium
93,Female,Chronic Pain,4,87.0,115.0,40.7,High
94,Male,Fever/Cold,2,68.0,148.0,0.9,Medium
48,Female,Respiratory Issue,5,68.0,120.0,26.7,High
68,Female,Chronic Pain,2,68.0,100.0,26.1,Low
61,Male,Respiratory Issue,5,83.0,,31.4,High
59,Male,Respiratory Issue,1,56.0,71.0,12.4,Low
49,Female,Respiratory Issue,4,66.0,159.0,1.0,High
77,Male,Chronic Pain,4,90.0,85.0,23.0,Medium
74,Male,Routine Checkup,1,67.0,137.0,4.0,Low
8,Female,Injury/Trauma,3,66.0,134.0,44.7,Low
33,Female,Routine Checkup,4,54.0,97.0,9.1,Medium
75,Male,Fever/Cold,2,84.0,131.0,21.5,Low
98,Male,Chronic Pain,4,81.0,106.0,22.0,High
34,Male,Fever/Cold,3,89.0,116.0,27.9,Medium
0,Female,Injury/Trauma,2,73.0,129.0,39.2,Low
39,Male,Injury/Trauma,2,79.0,119.0,23.9,Low
63,Other,Cardiac Symptoms,1,79.0,99.0,1.8,Low
21,Male,Fever/Cold,5,53.0,,38.7,Medium
59,Male,Routine Checkup,1,110.0,115.0,4.6,Medium
63,Female,Fever/Cold,5,89.0,117.0,32.3,High
92,Female,Chronic Pain,1,76.0,118.0,40.3,Low
71,Male,Injury/Trauma,5,71.0,93.0,14.5,High
10,Male,Injury/Trauma,4,94.0,97.0,22.7,Medium
13,Other,Fever/Cold,2,76.0,108.0,1.2,Low
59,Male,Fever/Cold,5,88.0,128.0,40.3,High
29,Female,Respiratory Issue,4,66.0,101.0,35.3,Medium
34,Male,Fever/Cold,3,61.0,143.0,12.0,Medium
84,Female,Respiratory Issue,1,72.0,124.0,19.8,Low
36,Female,Chronic Pain,3,75.0,127.0,34.9,Low
4,Male,Chronic Pain,4,81.0,113.0,18.2,Medium
82,Female,Routine Checkup,3,97.0,88.0,8.5,Medium
77,Male,Fever/Cold,3,91.0,130.0,26.2,Low
25,Male,Routine Checkup,4,94.0,105.0,36.3,Medium
61,Female,Cardiac Symptoms,2,64.0,90.0,16.4,Low
3,Male,Chronic Pain,5,70.0,103.0,6.5,Medium
88,Female,Injury/Trauma,1,89.0,118.0,41.6,Low
41,Male,Respiratory Issue,5,93.0,72.0,13.0,Medium
88,Male,Cardiac Symptoms,1,86.0,113.0,25.9,Low
17,Male,Injury/Trauma,5,66.0,140.0,34.7,Medium
39,Male,Cardiac Symptoms,3,59.0,120.0,16.2,Low
71,Male,Routine Checkup,2,78.0,143.0,32.6,Medium
38,Female,Routine Checkup,3,61.0,111.0,23.3,Medium
13,Female,Respiratory Issue,2,81.0,143.0,28.7,Low
31,Female,Chronic Pain,4,93.0,93.0,29.7,Medium
50,Male,Respiratory Issue,1,77.0,131.0,41.3,Low
37,Male,Injury/Trauma,1,,117.0,33.0,Low
96,Male,Cardiac Symptoms,4,67.0,147.0,13.6,High
22,Male,Respiratory Issue,5,87.0,111.0,3.5,Medium
62,Female,Fever/Cold,4,82.0,98.0,0.6,Medium
14,Male,Fever/Cold,4,83.0,130.0,45.3,Medium
96,Male,Chronic Pain,2,101.0,152.0,47.1,High
24,Female,Respiratory Issue,4,80.0,124.0,5.2,High
16,Male,Injury/Trauma,1,79.0,119.0,24.6,Low
96,Male,Fever/Cold,3,87.0,95.0,8.0,Medium
65,Male,Chronic Pain,2,57.0,138.0,47.5,Low
77,Male,Respiratory Issue,2,68.0,118.0,12.7,Low
52,Female,Chronic Pain,5,63.0,134.0,25.3,High
50,Male,Injury/Trauma,3,84.0,123.0,8.7,Medium
38,Male,Fever/Cold,2,61.0,160.0,17.0,Low
50,Male,Fever/Cold,4,83.0,108.0,13.7,Medium
69,Male,Fever/Cold,2,71.0,,24.0,Medium
5,Male,Routine Checkup,2,69.0,140.0,21.3,Low
66,Female,Fever/Cold,2,88.0,140.0,16.9,Low
6,Female,Cardiac Symptoms,5,55.0,141.0,5.7,High
50,Female,Routine Checkup,2,67.0,119.0,24.5,Low
71,Male,Respiratory Issue,2,118.0,124.0,42.6,Medium
41,Female,Routine Checkup,5,102.0,93.0,36.6,High
63,Female,Routine Checkup,3,47.0,116.0,36.2,Medium
14,Male,Routine Checkup,1,67.0,125.0,18.6,Low
28,Female,Chronic Pain,5,75.0,125.0,35.6,High
32,Male,Cardiac Symptoms,5,53.0,104.0,23.5,High
93,Male,Injury/Trauma,2,105.0,98.0,7.9,Medium
26,Female,Fever/Cold,2,75.0,140.0,21.2,Low
35,Male,Routine Checkup,1,72.0,137.0,7.1,Low
28,Female,Injury/Trauma,2,80.0,115.0,6.2,Low
37,Male,Chronic Pain,4,80.0,140.0,1.6,High
56,Female,Injury/Trauma,2,62.0,138.0,14.5,Low
96,Female,Routine Checkup,2,94.0,86.0,16.9,Medium
26,Female,Respiratory Issue,4,77.0,117.0,35.1,Medium
54,Male,Cardiac Symptoms,1,94.0,146.0,27.1,Low
32,Male,Injury/Trauma,4,66.0,88.0,43.0,Medium
67,Male,Routine Checkup,5,48.0,90.0,9.2,High
85,Male,Routine Checkup,4,96.0,132.0,13.7,High
65,Male,Fever/Cold,3,86.0,145.0,47.1,Medium
9,Female,Respiratory Issue,5,92.0,114.0,22.5,Medium
4,Female,Fever/Cold,2,93.0,110.0,39.6,Low
73,Other,Respiratory Issue,5,75.0,86.0,24.9,High
96,Male,Cardiac Symptoms,1,69.0,114.0,23.8,Low
37,Male,Fever/Cold,1,73.0,90.0,7.8,Low
12,Male,Cardiac Symptoms,4,83.0,112.0,42.6,Medium
30,Female,Chronic Pain,5,79.0,146.0,4.4,High
46,Female,Chronic Pain,2,47.0,94.0,15.9,Low
99,Female,Respiratory Issue,1,73.0,114.0,33.8,Low
87,Female,Respiratory Issue,2,96.0,137.0,25.6,Low
51,Female,Fever/Cold,3,74.0,104.0,44.1,Medium
55,Male,Chronic Pain,1,108.0,128.0,2.4,Low
14,Male,Injury/Trauma,4,60.0,136.0,32.6,Medium
28,Female,Injury/Trauma,3,80.0,121.0,24.1,Low
7,Male,Injury/Trauma,5,60.0,121.0,8.1,Medium
4,Male,Chronic Pain,2,,,37.3,Low
28,Female,Injury/Trauma,1,62.0,112.0,20.9,Low
46,Other,Cardiac Symptoms,3,108.0,123.0,26.8,High
67,Female,Routine Checkup,3,71.0,81.0,48.4,Medium
75,Female,Respiratory Issue,1,64.0,75.0,24.6,Low
44,Female,Fever/Cold,5,74.0,116.0,41.3,High
1,Male,Cardiac Symptoms,5,71.0,127.0,38.6,Medium
26,Male,Injury/Trauma,4,87.0,121.0,33.3,Medium
94,Female,Routine Checkup,5,44.0,87.0,44.9,High
35,Female,Fever/Cold,4,60.0,142.0,13.0,High
35,Male,Cardiac Symptoms,3,87.0,122.0,41.1,Low
25,Female,Fever/Cold,1,67.0,139.0,19.2,Low
42,Male,Respiratory Issue,5,63.0,107.0,40.7,High
26,Male,Chronic Pain,4,63.0,125.0,24.9,Low
68,Female,Injury/Trauma,3,85.0,130.0,43.0,Medium
19,Male,Cardiac Symptoms,5,85.0,140.0,44.8,Medium
10,Male,Cardiac Symptoms,2,89.0,138.0,30.1,Low
73,Male,Routine Checkup,3,57.0,103.0,25.6,Medium
37,Female,Routine Checkup,5,56.0,117.0,39.3,High
5,Male,Routine Checkup,3,92.0,109.0,13.7,Low
71,Female,Fever/Cold,1,78.0,122.0,1.3,Low
22,Female,Injury/Trauma,1,65.0,91.0,20.7,Low
46,Male,Fever/Cold,1,72.0,88.0,25.6,Low
89,Other,Injury/Trauma,2,56.0,167.0,15.2,Medium
45,Male,Cardiac Symptoms,1,67.0,158.0,19.5,Low
11,Female,Fever/Cold,2,77.0,143.0,7.1,Low
89,Female,Fever/Cold,1,80.0,129.0,14.2,Low
12,Female,Fever/Cold,3,73.0,135.0,12.4,Medium
61,Male,Chronic Pain,5,72.0,135.0,15.4,High
81,Female,Respiratory Issue,5,85.0,153.0,15.3,High
88,Male,Injury/Trauma,1,73.0,110.0,28.2,Medium
96,Male,Injury/Trauma,5,68.0,104.0,12.9,High
59,Female,Fever/Cold,1,63.0,119.0,47.1,Low
42,Male,Chronic Pain,1,48.0,131.0,25.8,Low
75,Female,Fever/Cold,4,84.0,114.0,6.9,Medium
99,Male,Injury/Trauma,4,96.0,108.0,14.3,High
67,Male,Respiratory Issue,4,62.0,148.0,36.6,High
4,Female,Respiratory Issue,2,55.0,103.0,1.2,Low
36,Male,Cardiac Symptoms,4,65.0,149.0,46.9,Medium
71,Female,Chronic Pain,1,79.0,139.0,22.5,Low
91,Female,Respiratory Issue,3,67.0,158.0,26.3,High
30,Female,Chronic Pain,4,,163.0,49.4,Medium
8,Male,Fever/Cold,4,73.0,127.0,25.4,Medium
50,Female,Cardiac Symptoms,3,76.0,161.0,47.4,Medium
28,Female,Injury/Trauma,1,80.0,130.0,45.8,Low
77,Female,Respiratory Issue,2,70.0,127.0,47.1,Low
39,Female,Respiratory Issue,4,70.0,123.0,40.7,Medium
40,Female,Routine Checkup,3,46.0,111.0,15.2,Medium
85,Female,Injury/Trauma,1,89.0,135.0,17.6,Low
10,Female,Respiratory Issue,5,78.0,143.0,18.6,High
22,Male,Respiratory Issue,2,97.0,92.0,49.0,Low
0,Male,Injury/Trauma,3,82.0,171.0,18.4,Medium
45,Female,Cardiac Symptoms,3,73.0,152.0,5.9,Medium
20,Male,Chronic Pain,3,52.0,108.0,39.0,Low
89,Female,Injury/Trauma,4,50.0,131.0,18.6,Medium
35,Male,Chronic Pain,5,90.0,119.0,31.2,High
53,Female,Cardiac Symptoms,2,83.0,126.0,46.3,Low
86,Male,Cardiac Symptoms,1,96.0,117.0,29.0,Low
56,Male,Fever/Cold,1,88.0,,32.1,Low
0,Female,Routine Checkup,5,69.0,98.0,32.3,High
62,Female,Cardiac Symptoms,3,40.0,163.0,30.8,Medium
53,Female,Cardiac Symptoms,3,84.0,100.0,8.4,Medium
54,Male,Chronic Pain,3,,131.0,23.1,Medium
39,Female,Cardiac Symptoms,3,72.0,106.0,0.9,Medium
14,Female,Injury/Trauma,3,81.0,116.0,31.5,Low
20,Female,Fever/Cold,5,65.0,129.0,29.0,Medium
46,Male,Fever/Cold,4,62.0,121.0,16.2,Medium
72,Female,Injury/Trauma,2,70.0,122.0,26.4,Low
52,Female,Respiratory Issue,3,44.0,,24.9,Low
8,Other,Cardiac Symptoms,4,59.0,106.0,12.9,Low
73,Male,Routine Checkup,1,59.0,133.0,15.0,Low
51,Female,Cardiac Symptoms,5,71.0,102.0,38.2,High
56,Female,Fever/Cold,4,60.0,107.0,37.9,High
25,Male,Routine Checkup,3,67.0,107.0,23.8,Low
40,Male,Respiratory Issue,3,68.0,113.0,36.0,Medium
34,Male,Chronic Pain,3,106.0,91.0,22.8,Medium
62,Male,Chronic Pain,4,86.0,91.0,42.6,High
24,Male,Cardiac Symptoms,3,73.0,130.0,17.0,Low
89,Female,Cardiac Symptoms,4,81.0,131.0,46.4,High
74,Female,Routine Checkup,3,88.0,126.0,27.3,Medium
37,Female,Routine Checkup,1,79.0,147.0,27.0,Low
1,Female,Respiratory Issue,1,59.0,102.0,33.7,Low
6,Male,Cardiac Symptoms,2,72.0,85.0,17.4,Low
81,Male,Fever/Cold,3,60.0,135.0,36.4,Medium
90,Female,Chronic Pain,3,70.0,85.0,16.4,Medium
33,Male,Respiratory Issue,4,72.0,117.0,20.2,Medium
90,Male,Routine Checkup,4,90.0,125.0,33.9,High
16,Male,Fever/Cold,3,63.0,161.0,19.2,Medium
42,Male,Cardiac Symptoms,2,61.0,109.0,10.4,Low
58,Female,Injury/Trauma,3,64.0,110.0,43.7,Medium
50,Male,Routine Checkup,4,65.0,133.0,46.1,Medium
53,Male,Respiratory Issue,3,70.0,132.0,31.5,Medium
23,Male,Injury/Trauma,4,79.0,113.0,40.7,High
24,Female,Fever/Cold,3,63.0,123.0,49.3,Medium
70,Male,Chronic Pain,5,76.0,105.0,30.9,High
51,Female,Fever/Cold,4,76.0,128.0,45.5,Medium
69,Male,Chronic Pain,2,,88.0,18.3,Low
87,Male,Fever/Cold,5,71.0,178.0,35.2,High
32,Female,Routine Checkup,3,87.0,134.0,3.3,Medium
48,Male,Routine Checkup,4,80.0,97.0,39.6,High
28,Male,Respiratory Issue,5,79.0,,41.6,High
62,Male,Injury/Trauma,2,66.0,98.0,20.4,Low
21,Female,Fever/Cold,4,79.0,103.0,32.1,Medium
25,Male,Fever/Cold,5,80.0,124.0,43.0,High
27,Female,Injury/Trauma,5,66.0,147.0,44.2,High
84,Male,Cardiac Symptoms,5,92.0,117.0,5.8,High
48,Male,Respiratory Issue,1,114.0,82.0,41.5,Low
70,Male,Fever/Cold,3,65.0,107.0,14.1,Medium
80,Female,Respiratory Issue,4,67.0,109.0,36.5,High
83,Male,Fever/Cold,4,68.0,,16.6,Medium
48,Male,Fever/Cold,4,,117.0,3.3,Medium
19,Male,Cardiac Symptoms,5,61.0,76.0,10.9,High
85,Male,Routine Checkup,3,87.0,101.0,20.7,Medium
91,Male,Respiratory Issue,2,73.0,97.0,37.2,Medium
62,Female,Injury/Trauma,4,103.0,137.0,5.5,High
60,Male,Respiratory Issue,3,70.0,114.0,40.7,Low
48,Male,Cardiac Symptoms,3,81.0,80.0,49.8,Low
70,Female,Chronic Pain,1,61.0,102.0,39.5,Low
0,Male,Chronic Pain,4,73.0,143.0,23.9,Medium
95,Male,Cardiac Symptoms,5,76.0,108.0,28.6,High
12,Male,Cardiac Symptoms,3,43.0,106.0,0.8,Low
93,Female,Routine Checkup,3,62.0,116.0,10.9,Medium
86,Male,Respiratory Issue,2,84.0,124.0,45.0,Low
50,Female,Respiratory Issue,1,83.0,117.0,1.6,Low
55,Male,Chronic Pain,3,56.0,140.0,45.3,Low
82,Female,Injury/Trauma,3,69.0,117.0,6.1,High
61,Male,Respiratory Issue,5,39.0,,7.1,Medium
31,Female,Fever/Cold,5,,123.0,9.2,Medium
29,Female,Fever/Cold,2,93.0,94.0,40.1,Low
28,Female,Routine Checkup,2,94.0,155.0,24.2,Low
48,Male,Routine Checkup,2,94.0,143.0,7.7,Medium
44,Male,Chronic Pain,5,82.0,108.0,34.5,High
92,Male,Injury/Trauma,5,92.0,117.0,47.1,High
29,Male,Injury/Trauma,1,72.0,,28.8,Low
15,Male,Cardiac Symptoms,4,67.0,123.0,5.4,Medium
39,Female,Routine Checkup,4,92.0,122.0,3.2,Medium
18,Male,Respiratory Issue,1,79.0,130.0,39.9,Low
17,Male,Fever/Cold,4,48.0,127.0,31.5,Medium
0,Female,Respiratory Issue,5,93.0,127.0,46.2,Medium
77,Female,Fever/Cold,4,71.0,121.0,27.6,Medium
46,Male,Chronic Pain,5,64.0,132.0,3.6,Medium
65,Female,Fever/Cold,1,89.0,124.0,20.5,Low
91,Male,Respiratory Issue,2,87.0,124.0,33.1,Low
93,Female,Respiratory Issue,1,60.0,147.0,19.6,Low
37,Female,Injury/Trauma,4,72.0,128.0,50.0,High
50,Female,Injury/Trauma,5,61.0,126.0,20.6,High
62,Female,Routine Checkup,4,61.0,102.0,27.5,High
3,Male,Respiratory Issue,4,30.0,103.0,11.7,Low
0,Male,Chronic Pain,2,59.0,142.0,8.0,Low
7,Female,Fever/Cold,4,72.0,131.0,32.4,Low
28,Male,Routine Checkup,2,,138.0,29.6,Low
54,Female,Cardiac Symptoms,5,54.0,123.0,0.7,High
2,Male,Cardiac Symptoms,5,84.0,127.0,14.6,Medium
31,Male,Fever/Cold,2,53.0,117.0,32.4,Low
9,Male,Fever/Cold,1,72.0,119.0,40.7,Low
73,Male,Fever/Cold,5,50.0,111.0,16.0,High
82,Female,Injury/Trauma,1,81.0,146.0,32.5,Medium
33,Female,Fever/Cold,5,70.0,105.0,13.6,High
96,Female,Cardiac Symptoms,5,61.0,126.0,34.7,High
86,Female,Fever/Cold,3,35.0,,35.0,Medium
54,Female,Respiratory Issue,4,61.0,139.0,6.9,Medium
91,Female,Chronic Pain,4,84.0,124.0,33.4,Medium
31,Male,Cardiac Symptoms,1,98.0,129.0,17.0,Low
49,Female,Chronic Pain,4,71.0,124.0,9.0,High
6,Male,Cardiac Symptoms,1,73.0,100.0,25.3,Low
92,Male,Routine Checkup,5,64.0,131.0,22.9,High
7,Female,Respiratory Issue,3,93.0,118.0,38.8,Low
64,Male,Cardiac Symptoms,3,71.0,104.0,4.7,Medium
56,Male,Respiratory Issue,5,,91.0,39.6,High
66,Male,Cardiac Symptoms,2,78.0,,5.8,Low
87,Male,Chronic Pain,2,76.0,135.0,10.8,Low
86,Female,Chronic Pain,4,59.0,155.0,26.0,High
58,Male,Cardiac Symptoms,1,101.0,122.0,23.4,Low
71,Male,Cardiac Symptoms,3,96.0,100.0,49.4,Medium
53,Male,Injury/Trauma,4,109.0,128.0,29.7,Medium
66,Male,Respiratory Issue,5,58.0,141.0,16.7,High
50,Female,Respiratory Issue,3,78.0,158.0,45.1,Medium
96,Male,Respiratory Issue,1,63.0,145.0,16.0,Medium
91,Female,Respiratory Issue,1,81.0,124.0,14.1,Low
7,Female,Routine Checkup,2,79.0,131.0,25.0,Low
33,Female,Routine Checkup,4,68.0,105.0,45.7,Medium
34,Female,Fever/Cold,5,71.0,135.0,35.6,High
95,Female,Cardiac Symptoms,3,106.0,138.0,34.0,Medium
87,Male,Cardiac Symptoms,1,72.0,70.0,36.4,Low
77,Male,Cardiac Symptoms,3,41.0,122.0,33.2,Medium
31,Male,Cardiac Symptoms,5,66.0,149.0,38.1,High
45,Female,Respiratory Issue,3,58.0,106.0,10.0,Medium
15,Male,Respiratory Issue,4,61.0,77.0,9.3,High
67,Male,Routine Checkup,2,85.0,119.0,18.4,Low
36,Male,Chronic Pain,3,88.0,141.0,42.6,Medium
53,Male,Injury/Trauma,2,62.0,128.0,35.9,Low
84,Male,Respiratory Issue,5,66.0,120.0,28.5,High
13,Female,Respiratory Issue,2,64.0,101.0,1.5,Low
94,Male,Respiratory Issue,3,97.0,98.0,12.2,High
54,Female,Chronic Pain,3,88.0,123.0,40.3,Medium
47,Female,Chronic Pain,1,85.0,118.0,12.5,Low
81,Male,Routine Checkup,3,,137.0,36.6,Medium
6,Male,Respiratory Issue,2,49.0,128.0,9.6,Low
73,Male,Injury/Trauma,1,93.0,105.0,30.5,Low
6,Male,Cardiac Symptoms,3,103.0,,31.6,Medium
32,Female,Respiratory Issue,3,48.0,121.0,37.7,Low
22,Male,Routine Checkup,5,108.0,86.0,22.2,High
84,Male,Routine Checkup,1,73.0,111.0,31.8,Low
18,Female,Injury/Trauma,5,77.0,121.0,24.6,High
18,Female,Fever/Cold,5,55.0,117.0,47.4,High
35,Female,Routine Checkup,5,48.0,,26.3,Medium
28,Female,Chronic Pain,4,41.0,121.0,10.9,Medium
59,Female,Chronic Pain,5,90.0,126.0,33.6,High
81,Male,Cardiac Symptoms,2,73.0,123.0,27.6,Low
1,Female,Routine Checkup,3,81.0,119.0,40.3,Low
0,Male,Cardiac Symptoms,4,91.0,123.0,9.3,Low
46,Female,Routine Checkup,5,73.0,112.0,13.4,High
68,Female,Injury/Trauma,3,,111.0,46.1,Medium
19,Male,Respiratory Issue,1,62.0,121.0,46.5,Low
10,Female,Routine Checkup,1,68.0,79.0,22.4,Low
1,Female,Fever/Cold,3,61.0,112.0,2.9,Low
66,Male,Chronic Pain,2,87.0,105.0,15.7,Low
86,Female,Injury/Trauma,3,91.0,103.0,12.7,Medium
11,Male,Respiratory Issue,3,68.0,113.0,21.0,Low
19,Female,Respiratory Issue,4,54.0,,16.2,Medium
4,Female,Chronic Pain,1,93.0,113.0,41.5,Low
36,Female,Respiratory Issue,1,61.0,124.0,0.7,Low
37,Female,Cardiac Symptoms,5,68.0,141.0,32.4,High
93,Female,Injury/Trauma,3,58.0,163.0,33.4,High
8,Female,Fever/Cold,3,79.0,83.0,33.2,Low
97,Male,Chronic Pain,2,63.0,101.0,26.3,Medium
52,Female,Routine Checkup,1,85.0,113.0,30.7,Low
43,Male,Routine Checkup,2,66.0,122.0,40.6,Low
98,Female,Routine Checkup,4,83.0,,39.3,Medium
85,Male,Injury/Trauma,5,61.0,107.0,2.2,High
23,Male,Fever/Cold,2,93.0,69.0,2.0,Low
80,Female,Respiratory Issue,1,67.0,140.0,42.0,Low
73,Male,Fever/Cold,4,76.0,130.0,28.9,High
29,Male,Fever/Cold,3,57.0,134.0,47.9,Low
58,Male,Chronic Pain,4,74.0,,21.9,Medium
86,Male,Injury/Trauma,2,57.0,127.0,9.2,Medium
95,Male,Routine Checkup,1,74.0,80.0,23.9,Low
80,Male,Chronic Pain,2,60.0,98.0,22.1,Low
80,Male,Respiratory Issue,3,72.0,143.0,26.1,Medium
13,Male,Fever/Cold,3,81.0,120.0,40.5,Low
8,Female,Routine Checkup,1,54.0,157.0,33.0,Low
39,Male,Injury/Trauma,5,74.0,100.0,9.7,High
65,Female,Cardiac Symptoms,4,81.0,171.0,36.9,High
24,Female,Fever/Cold,4,81.0,173.0,29.8,High
72,Male,Fever/Cold,3,103.0,107.0,29.1,High
21,Female,Fever/Cold,2,63.0,110.0,34.1,Low
3,Female,Fever/Cold,2,74.0,145.0,28.4,Low
25,Other,Routine Checkup,5,101.0,108.0,23.1,High
57,Female,Injury/Trauma,2,54.0,114.0,32.2,Low
28,Male,Chronic Pain,4,40.0,105.0,36.3,Medium
97,Female,Routine Checkup,2,83.0,,11.7,Low
86,Female,Injury/Trauma,5,90.0,122.0,25.1,High
36,Female,Chronic Pain,4,43.0,114.0,23.2,Medium
74,Male,Fever/Cold,2,,78.0,2.5,Low
69,Female,Injury/Trauma,4,59.0,148.0,41.8,Medium
17,Female,Fever/Cold,3,,151.0,19.2,Medium
84,Male,Injury/Trauma,3,74.0,130.0,4.1,Medium
41,Male,Respiratory Issue,3,94.0,122.0,23.2,Medium
99,Male,Cardiac Symptoms,2,54.0,101.0,8.5,Medium
40,Female,Fever/Cold,5,80.0,110.0,35.4,High
37,Female,Fever/Cold,4,84.0,141.0,28.8,Medium
33,Female,Fever/Cold,1,75.0,131.0,13.9,Low
16,Male,Respiratory Issue,3,44.0,129.0,47.5,Low
36,Female,Routine Checkup,3,81.0,129.0,14.9,Medium
24,Male,Chronic Pain,1,64.0,141.0,28.0,Low
75,Male,Fever/Cold,1,48.0,138.0,40.2,Low
86,Female,Fever/Cold,2,80.0,133.0,25.9,Medium
85,Other,Routine Checkup,4,86.0,113.0,48.1,High
84,Female,Routine Checkup,3,65.0,153.0,42.3,High
26,Female,Cardiac Symptoms,5,87.0,110.0,46.1,Medium
56,Male,Injury/Trauma,2,87.0,,18.9,Medium
30,Male,Fever/Cold,2,74.0,108.0,27.6,Low
5,Female,Injury/Trauma,5,83.0,96.0,42.1,Medium
90,Female,Routine Checkup,5,89.0,131.0,45.2,High
39,Male,Routine Checkup,5,82.0,119.0,47.2,High
97,Male,Cardiac Symptoms,1,40.0,142.0,44.0,Medium
11,Male,Chronic Pain,3,37.0,71.0,36.7,Medium
52,Female,Respiratory Issue,1,90.0,124.0,1.7,Low
70,Male,Respiratory Issue,3,64.0,114.0,16.1,Medium
9,Male,Respiratory Issue,1,67.0,113.0,6.9,Low
44,Male,Routine Checkup,4,103.0,99.0,8.2,High
16,Male,Fever/Cold,3,63.0,120.0,14.9,Low
25,Female,Cardiac Symptoms,2,72.0,104.0,4.2,Low
84,Male,Chronic Pain,3,75.0,150.0,12.5,High
91,Female,Respiratory Issue,3,71.0,132.0,47.9,Medium
61,Female,Cardiac Symptoms,3,95.0,139.0,15.9,Medium
45,Female,Routine Checkup,4,69.0,85.0,8.4,Medium
63,Male,Respiratory Issue,1,85.0,137.0,36.1,Low
1,Female,Chronic Pain,2,76.0,135.0,41.5,Low
53,Female,Injury/Trauma,1,89.0,111.0,16.0,Low
64,Other,Chronic Pain,1,54.0,116.0,14.3,Low
50,Female,Fever/Cold,5,41.0,100.0,12.5,Medium
52,Male,Respiratory Issue,4,75.0,113.0,20.0,High
35,Male,Respiratory Issue,5,62.0,131.0,4.8,High
25,Male,Injury/Trauma,4,96.0,106.0,33.6,Medium
28,Female,Injury/Trauma,1,73.0,120.0,41.2,Low
20,Male,Respiratory Issue,1,78.0,170.0,33.4,Low
10,Male,Fever/Cold,4,70.0,100.0,21.3,Low
39,Male,Injury/Trauma,1,,126.0,14.8,Low
10,Male,Routine Checkup,1,75.0,99.0,20.8,Low
35,Male,Respiratory Issue,2,90.0,90.0,21.5,Low
58,Male,Chronic Pain,5,70.0,135.0,33.5,High
38,Male,Chronic Pain,5,69.0,111.0,46.4,Medium
98,Male,Fever/Cold,5,87.0,151.0,4.0,High
53,Male,Routine Checkup,3,49.0,131.0,47.7,Medium
97,Male,Injury/Trauma,2,92.0,104.0,45.6,Low
54,Female,Respiratory Issue,5,62.0,102.0,6.3,High
23,Female,Chronic Pain,5,89.0,,9.6,Medium
21,Male,Chronic Pain,2,79.0,98.0,15.9,Low
68,Male,Chronic Pain,1,43.0,98.0,28.2,Low
55,Female,Chronic Pain,5,75.0,85.0,7.2,High
32,Female,Cardiac Symptoms,1,94.0,132.0,10.4,Low
35,Female,Fever/Cold,5,70.0,103.0,45.2,High
19,Female,Injury/Trauma,4,71.0,127.0,5.9,Medium
82,Male,Respiratory Issue,3,63.0,93.0,20.2,High
98,Male,Respiratory Issue,5,92.0,87.0,38.3,High
80,Male,Respiratory Issue,4,68.0,134.0,44.5,Medium
61,Female,Injury/Trauma,2,101.0,116.0,17.1,Medium
97,Female,Fever/Cold,4,92.0,106.0,8.6,High
72,Female,Routine Checkup,2,94.0,110.0,37.0,Low
25,Male,Fever/Cold,5,76.0,110.0,38.7,High
65,Female,Chronic Pain,2,67.0,,49.0,Low
72,Male,Chronic Pain,4,82.0,125.0,7.4,High
72,Male,Fever/Cold,3,98.0,122.0,35.6,Medium
39,Male,Fever/Cold,1,101.0,,21.2,Low
16,Female,Injury/Trauma,1,47.0,135.0,45.8,Low
0,Male,Injury/Trauma,3,115.0,96.0,20.7,Medium
88,Female,Cardiac Symptoms,1,78.0,130.0,22.6,Low
60,Male,Respiratory Issue,5,86.0,130.0,6.8,High
42,Female,Cardiac Symptoms,5,61.0,140.0,16.4,High
41,Female,Respiratory Issue,4,60.0,80.0,20.3,Medium
24,Male,Chronic Pain,4,53.0,142.0,1.4,Medium
38,Female,Cardiac Symptoms,2,100.0,127.0,22.2,Low
34,Female,Cardiac Symptoms,4,64.0,104.0,17.1,Medium
2,Female,Routine Checkup,5,73.0,76.0,40.3,Medium
43,Female,Fever/Cold,4,70.0,111.0,5.8,Medium
50,Female,Injury/Trauma,1,59.0,123.0,38.1,Low
93,Male,Cardiac Symptoms,2,72.0,89.0,35.8,Medium
97,Female,Injury/Trauma,2,76.0,102.0,12.5,Medium
11,Male,Respiratory Issue,5,93.0,94.0,4.6,Medium
18,Male,Cardiac Symptoms,4,59.0,111.0,42.2,Medium
43,Male,Respiratory Issue,1,66.0,98.0,12.8,Low
58,Female,Cardiac Symptoms,4,83.0,163.0,7.7,Medium
48,Female,Chronic Pain,3,75.0,137.0,18.3,Medium
60,Male,Routine Checkup,4,75.0,97.0,20.3,High
16,Female,Respiratory Issue,5,60.0,100.0,16.6,Medium
73,Female,Fever/Cold,4,86.0,90.0,48.8,High
56,Male,Fever/Cold,2,96.0,116.0,44.1,Low
54,Male,Chronic Pain,1,94.0,155.0,43.7,Low
46,Female,Chronic Pain,5,,143.0,20.2,High
11,Male,Fever/Cold,3,36.0,123.0,48.2,Low
61,Female,Respiratory Issue,1,78.0,114.0,34.4,Low
79,Male,Fever/Cold,1,76.0,131.0,41.7,Low
87,Male,Routine Checkup,2,59.0,125.0,25.3,Low
82,Female,Cardiac Symptoms,2,62.0,128.0,8.5,Medium
7,Female,Routine Checkup,2,60.0,123.0,44.4,Low
94,Female,Fever/Cold,5,79.0,128.0,24.6,High
20,Female,Cardiac Symptoms,4,62.0,91.0,48.4,Medium
80,Female,Fever/Cold,1,77.0,117.0,13.1,Low
86,Female,Routine Checkup,4,110.0,124.0,49.6,High
79,Male,Routine Checkup,4,72.0,111.0,11.5,High
69,Female,Respiratory Issue,2,57.0,95.0,18.7,Medium
71,Male,Respiratory Issue,4,53.0,,29.9,High
24,Female,Routine Checkup,1,79.0,202.0,34.8,Low
81,Male,Cardiac Symptoms,1,105.0,103.0,36.2,Low
88,Female,Respiratory Issue,3,61.0,117.0,24.1,Medium
11,Male,Respiratory Issue,5,42.0,145.0,4.3,High
14,Female,Injury/Trauma,4,100.0,155.0,25.1,High
58,Female,Injury/Trauma,5,112.0,108.0,17.1,High
25,Male,Respiratory Issue,5,86.0,139.0,33.1,High
25,Female,Fever/Cold,5,81.0,135.0,9.5,Medium
46,Male,Cardiac Symptoms,5,76.0,109.0,20.0,High
31,Female,Chronic Pain,1,85.0,132.0,48.3,Low
9,Female,Respiratory Issue,4,84.0,116.0,4.9,Medium
15,Male,Injury/Trauma,3,79.0,107.0,30.3,Medium
70,Female,Cardiac Symptoms,5,60.0,154.0,5.0,High
16,Male,Cardiac Symptoms,3,79.0,132.0,8.3,Medium
22,Male,Injury/Trauma,1,73.0,86.0,30.4,Low
25,Female,Cardiac Symptoms,1,62.0,117.0,22.5,Low
84,Male,Cardiac Symptoms,2,79.0,109.0,27.7,Low
85,Other,Injury/Trauma,5,67.0,115.0,44.1,High
6,Female,Routine Checkup,2,76.0,130.0,41.0,Low
13,Male,Respiratory Issue,3,81.0,125.0,44.5,Low
78,Female,Fever/Cold,4,83.0,148.0,31.0,High
6,Male,Chronic Pain,2,68.0,144.0,24.7,Low
8,Male,Fever/Cold,1,81.0,95.0,23.2,Low
47,Male,Routine Checkup,5,85.0,118.0,37.1,High
71,Male,Routine Checkup,3,89.0,81.0,26.3,Low
58,Male,Cardiac Symptoms,1,79.0,100.0,5.7,Low
86,Male,Fever/Cold,4,84.0,78.0,7.5,High
92,Female,Routine Checkup,5,68.0,,18.2,High
81,Female,Fever/Cold,4,113.0,148.0,3.9,High
94,Female,Routine Checkup,4,74.0,135.0,12.3,High
93,Female,Chronic Pain,5,91.0,132.0,33.0,High
38,Female,Routine Checkup,5,67.0,143.0,1.1,High
98,Male,Fever/Cold,4,80.0,132.0,30.4,High
17,Female,Cardiac Symptoms,3,80.0,,38.7,Low
58,Other,Fever/Cold,5,82.0,108.0,8.9,High
16,Male,Injury/Trauma,1,62.0,153.0,9.5,Low
13,Female,Fever/Cold,2,80.0,146.0,1.9,Low
30,Female,Chronic Pain,3,67.0,115.0,25.9,Low
23,Female,Respiratory Issue,5,87.0,135.0,32.9,High
98,Female,Chronic Pain,5,61.0,64.0,23.1,High
59,Male,Chronic Pain,3,79.0,136.0,19.8,Low
44,Male,Routine Checkup,2,74.0,109.0,23.0,Medium
97,Male,Chronic Pain,4,102.0,174.0,39.2,High
2,Female,Fever/Cold,1,91.0,143.0,2.2,Low
36,Male,Respiratory Issue,5,95.0,80.0,39.3,High
42,Female,Cardiac Symptoms,2,63.0,105.0,33.5,Low
39,Male,Chronic Pain,1,69.0,121.0,12.5,Low
89,Male,Fever/Cold,3,,119.0,26.5,Low
54,Male,Routine Checkup,5,92.0,,2.9,High
86,Female,Routine Checkup,4,80.0,139.0,19.3,High
38,Male,Cardiac Symptoms,3,63.0,109.0,9.1,Low
14,Male,Cardiac Symptoms,5,64.0,118.0,1.6,High
3,Female,Fever/Cold,2,92.0,150.0,18.2,Low
92,Male,Cardiac Symptoms,1,81.0,150.0,36.4,Medium
85,Male,Cardiac Symptoms,1,75.0,139.0,46.1,Low
24,Female,Routine Checkup,5,74.0,113.0,33.3,High
12,Female,Fever/Cold,3,88.0,105.0,20.4,Low
81,Male,Respiratory Issue,4,59.0,119.0,50.0,Medium
32,Female,Cardiac Symptoms,2,75.0,120.0,14.5,Low
15,Other,Fever/Cold,5,76.0,119.0,9.8,Medium
41,Female,Chronic Pain,2,56.0,131.0,23.5,Low
65,Female,Routine Checkup,1,71.0,127.0,25.5,Low
54,Female,Respiratory Issue,4,109.0,126.0,18.1,Medium
98,Female,Routine Checkup,2,62.0,110.0,34.9,Medium
41,Female,Routine Checkup,5,76.0,96.0,9.6,High
33,Male,Injury/Trauma,4,43.0,133.0,25.8,Medium
29,Female,Fever/Cold,3,72.0,121.0,25.3,Low
12,Female,Chronic Pain,5,58.0,128.0,41.3,Medium
12,Male,Cardiac Symptoms,2,69.0,128.0,46.4,Low
17,Male,Chronic Pain,4,81.0,79.0,33.3,Medium
31,Female,Fever/Cold,5,58.0,154.0,15.6,High
95,Female,Routine Checkup,4,78.0,108.0,34.6,Medium
98,Male,Injury/Trauma,4,,147.0,12.9,High
38,Female,Fever/Cold,4,54.0,128.0,48.3,Medium
45,Male,Respiratory Issue,2,89.0,98.0,41.2,Medium
28,Male,Respiratory Issue,5,60.0,105.0,21.8,High
61,Female,Fever/Cold,1,68.0,106.0,39.3,Low
92,Male,Cardiac Symptoms,1,66.0,107.0,20.7,Low
61,Male,Chronic Pain,2,78.0,84.0,4.2,Low
56,Female,Chronic Pain,2,75.0,,35.5,Low
15,Male,Cardiac Symptoms,4,72.0,139.0,20.5,Medium
55,Male,Injury/Trauma,5,64.0,141.0,46.6,High
9,Female,Routine Checkup,5,71.0,106.0,15.7,Medium
29,Female,Routine Checkup,3,79.0,82.0,42.2,Medium
24,Female,Respiratory Issue,3,76.0,132.0,34.2,Low
83,Female,Injury/Trauma,1,91.0,98.0,42.7,Low
4,Male,Cardiac Symptoms,3,86.0,99.0,14.9,Medium
64,Female,Fever/Cold,3,91.0,114.0,23.3,Medium
93,Female,Chronic Pain,1,95.0,112.0,41.2,Medium
48,Female,Fever/Cold,1,77.0,104.0,32.4,Low
2,Female,Chronic Pain,3,87.0,106.0,18.3,Low
44,Female,Fever/Cold,5,80.0,109.0,25.8,High
13,Male,Cardiac Symptoms,3,94.0,105.0,49.8,Low
29,Male,Cardiac Symptoms,4,48.0,106.0,37.2,Medium
67,Female,Injury/Trauma,4,70.0,113.0,30.9,High
17,Female,Fever/Cold,4,81.0,127.0,41.5,Medium
61,Female,Fever/Cold,2,83.0,124.0,22.4,Medium
36,Male,Injury/Trauma,4,74.0,109.0,47.5,Medium
24,Female,Injury/Trauma,5,50.0,113.0,27.8,High
47,Female,Cardiac Symptoms,2,72.0,146.0,16.7,Low
64,Female,Cardiac Symptoms,2,87.0,139.0,4.8,Low
52,Female,Respiratory Issue,4,,130.0,19.1,Medium
78,Female,Fever/Cold,3,76.0,84.0,28.6,Medium
72,Female,Cardiac Symptoms,1,103.0,122.0,35.3,Low
14,Female,Cardiac Symptoms,3,72.0,106.0,43.8,Low
48,Female,Fever/Cold,3,72.0,100.0,47.2,Medium
87,Female,Injury/Trauma,2,77.0,112.0,5.6,Medium
67,Female,Fever/Cold,2,78.0,140.0,30.2,Medium
11,Female,Routine Checkup,2,77.0,137.0,33.5,Low
58,Female,Fever/Cold,5,80.0,107.0,9.0,High
36,Female,Routine Checkup,5,57.0,121.0,27.5,High
60,Male,Fever/Cold,1,73.0,111.0,17.1,Low
42,Male,Routine Checkup,2,56.0,115.0,4.3,Low
69,Female,Routine Checkup,4,75.0,139.0,3.8,High
38,Female,Fever/Cold,2,84.0,118.0,38.1,Low
55,Female,Respiratory Issue,5,72.0,84.0,31.0,High
62,Female,Cardiac Symptoms,2,60.0,122.0,35.9,Low
45,Female,Chronic Pain,5,68.0,156.0,34.4,High
87,Female,Cardiac Symptoms,2,,106.0,7.1,Medium
10,Female,Routine Checkup,4,96.0,150.0,8.0,Medium
61,Female,Fever/Cold,1,66.0,132.0,13.0,Low
76,Male,Fever/Cold,4,66.0,,20.3,High
97,Male,Fever/Cold,5,73.0,137.0,47.0,High
24,Male,Fever/Cold,3,,,33.9,Low
70,Male,Respiratory Issue,4,48.0,107.0,13.1,Medium
51,Female,Chronic Pain,2,66.0,123.0,3.3,Low
3,Male,Injury/Trauma,1,81.0,124.0,34.4,Low
58,Male,Routine Checkup,2,79.0,,31.5,Low
71,Male,Chronic Pain,2,68.0,74.0,34.0,Low
19,Male,Cardiac Symptoms,4,71.0,91.0,13.4,Medium
92,Female,Injury/Trauma,1,79.0,124.0,26.1,Medium
62,Female,Injury/Trauma,3,68.0,126.0,18.4,Medium
53,Female,Fever/Cold,2,59.0,102.0,41.0,Low
73,Male,Chronic Pain,1,72.0,,3.9,Low
97,Male,Cardiac Symptoms,3,77.0,133.0,14.1,Medium
56,Male,Fever/Cold,2,43.0,116.0,30.3,Low
89,Female,Fever/Cold,1,80.0,148.0,10.7,Medium
40,Male,Respiratory Issue,4,89.0,152.0,33.8,Medium
2,Female,Routine Checkup,2,69.0,122.0,7.3,Low
5,Male,Injury/Trauma,2,69.0,136.0,1.6,Low
4,Female,Cardiac Symptoms,1,63.0,86.0,43.2,Low
4,Male,Injury/Trauma,2,72.0,141.0,17.0,Medium
53,Male,Chronic Pain,3,66.0,149.0,8.3,High
46,Female,Routine Checkup,2,96.0,99.0,9.0,Low
86,Male,Fever/Cold,5,76.0,132.0,44.4,High
48,Male,Routine Checkup,3,42.0,82.0,32.9,Low
8,Female,Fever/Cold,1,83.0,104.0,47.8,Low
98,Female,Routine Checkup,3,100.0,109.0,40.1,Medium
19,Female,Fever/Cold,5,82.0,90.0,38.5,High
60,Male,Injury/Trauma,5,92.0,115.0,25.2,High
34,Male,Injury/Trauma,2,85.0,113.0,41.1,Low
49,Male,Injury/Trauma,2,89.0,132.0,20.9,Low
81,Male,Injury/Trauma,4,89.0,89.0,41.4,Medium
61,Female,Routine Checkup,3,89.0,132.0,38.0,Medium
16,Female,Fever/Cold,4,79.0,104.0,34.1,Medium
87,Male,Injury/Trauma,5,49.0,94.0,16.8,High
2,Female,Routine Checkup,2,58.0,116.0,31.7,Low
31,Male,Fever/Cold,2,58.0,135.0,25.6,Low
98,Female,Routine Checkup,2,37.0,110.0,23.3,Medium
12,Male,Respiratory Issue,1,68.0,130.0,49.5,Low
88,Male,Injury/Trauma,5,96.0,125.0,25.5,High
72,Female,Chronic Pain,2,53.0,182.0,2.1,High
67,Female,Routine Checkup,5,85.0,113.0,31.5,High
13,Female,Injury/Trauma,2,82.0,116.0,36.5,Low
97,Male,Cardiac Symptoms,3,78.0,142.0,44.3,High
10,Male,Fever/Cold,5,92.0,118.0,31.8,High
55,Female,Respiratory Issue,4,74.0,125.0,1.5,High
66,Male,Injury/Trauma,1,97.0,84.0,6.4,Low
91,Female,Cardiac Symptoms,4,72.0,117.0,8.5,High
28,Male,Routine Checkup,5,80.0,105.0,11.0,High
8,Female,Routine Checkup,2,72.0,,40.1,Low
66,Female,Cardiac Symptoms,5,61.0,125.0,15.8,High
24,Male,Respiratory Issue,1,54.0,118.0,16.0,Low
97,Female,Cardiac Symptoms,5,83.0,135.0,37.9,High
75,Female,Fever/Cold,2,95.0,139.0,20.9,Low
41,Male,Routine Checkup,4,78.0,116.0,3.7,High
8,Female,Cardiac Symptoms,3,82.0,125.0,29.5,Medium
78,Female,Chronic Pain,4,51.0,79.0,6.9,High
39,Male,Chronic Pain,2,80.0,126.0,28.8,Low
24,Male,Cardiac Symptoms,2,43.0,141.0,39.1,Low
4,Male,Fever/Cold,1,57.0,101.0,46.5,Low
10,Female,Routine Checkup,5,95.0,,3.8,High
58,Female,Chronic Pain,5,75.0,110.0,15.5,High
97,Female,Cardiac Symptoms,4,76.0,108.0,32.8,Medium
87,Other,Cardiac Symptoms,3,83.0,148.0,16.1,Medium
78,Female,Injury/Trauma,3,86.0,119.0,22.8,Medium
37,Female,Cardiac Symptoms,1,70.0,137.0,1.5,Low
71,Male,Fever/Cold,2,79.0,80.0,34.8,Low
4,Female,Chronic Pain,1,73.0,107.0,44.2,Low
47,Male,Injury/Trauma,5,52.0,134.0,48.9,High
89,Female,Chronic Pain,2,69.0,122.0,41.6,Medium
17,Male,Chronic Pain,1,81.0,116.0,2.1,Low
69,Male,Fever/Cold,4,69.0,132.0,32.8,Medium
36,Male,Cardiac Symptoms,5,69.0,103.0,25.0,High
59,Male,Fever/Cold,3,86.0,144.0,46.9,Medium
47,Female,Cardiac Symptoms,1,77.0,,45.2,Low
76,Male,Injury/Trauma,5,80.0,103.0,49.4,High
27,Female,Fever/Cold,5,50.0,104.0,43.2,Medium
68,Female,Fever/Cold,3,81.0,118.0,27.6,Medium
76,Female,Respiratory Issue,3,58.0,111.0,35.9,Medium
80,Male,Routine Checkup,3,74.0,130.0,48.3,Medium
39,Male,Fever/Cold,1,59.0,119.0,29.1,Low
44,Female,Respiratory Issue,3,88.0,112.0,42.1,Medium
95,Female,Routine Checkup,4,102.0,127.0,47.1,High
61,Male,Cardiac Symptoms,5,72.0,109.0,28.7,High
92,Male,Cardiac Symptoms,3,72.0,129.0,8.4,High
57,Male,Cardiac Symptoms,5,90.0,126.0,8.2,High
66,Female,Respiratory Issue,2,83.0,125.0,6.2,Low
55,Male,Respiratory Issue,2,73.0,112.0,24.1,Medium
39,Female,Routine Checkup,3,80.0,107.0,24.3,Low
97,Female,Cardiac Symptoms,5,105.0,136.0,31.1,High
39,Male,Chronic Pain,2,64.0,132.0,24.4,Low
90,Female,Fever/Cold,3,66.0,99.0,48.7,Medium
76,Female,Respiratory Issue,5,86.0,111.0,14.9,High
32,Female,Respiratory Issue,3,106.0,146.0,43.8,High
5,Female,Respiratory Issue,5,77.0,139.0,5.5,Medium
87,Female,Routine Checkup,2,49.0,96.0,30.3,Low
18,Female,Cardiac Symptoms,3,80.0,120.0,32.6,Medium
79,Male,Chronic Pain,2,67.0,128.0,38.7,Low
39,Male,Fever/Cold,3,82.0,139.0,25.4,Low
91,Male,Fever/Cold,1,54.0,122.0,10.3,Low
96,Male,Cardiac Symptoms,2,52.0,129.0,18.8,Medium
58,Male,Chronic Pain,2,70.0,138.0,14.0,Low
58,Male,Routine Checkup,4,99.0,141.0,21.2,High
47,Male,Respiratory Issue,2,54.0,116.0,26.7,Low
40,Female,Respiratory Issue,5,70.0,120.0,31.4,Medium
12,Female,Cardiac Symptoms,3,53.0,104.0,42.3,Low
44,Female,Fever/Cold,1,79.0,114.0,45.5,Low
88,Female,Respiratory Issue,5,78.0,111.0,23.4,High
52,Female,Fever/Cold,5,53.0,116.0,4.9,High
41,Female,Fever/Cold,5,94.0,118.0,40.0,High
99,Male,Cardiac Symptoms,5,,136.0,24.1,High
62,Male,Injury/Trauma,1,98.0,126.0,27.5,Low
26,Female,Injury/Trauma,4,95.0,94.0,30.0,Medium
37,Female,Injury/Trauma,2,79.0,131.0,33.6,Low
59,Female,Chronic Pain,5,88.0,,44.6,High
6,Male,Cardiac Symptoms,2,72.0,98.0,47.6,Low
4,Male,Fever/Cold,2,51.0,97.0,47.0,Low
44,Female,Respiratory Issue,5,78.0,123.0,40.6,High
57,Female,Chronic Pain,4,51.0,141.0,44.5,Medium
30,Male,Injury/Trauma,2,74.0,115.0,3.0,Low
22,Male,Routine Checkup,3,56.0,138.0,42.5,Low
41,Female,Chronic Pain,2,89.0,121.0,4.1,Low
9,Female,Chronic Pain,5,80.0,76.0,37.4,Medium
31,Male,Cardiac Symptoms,1,85.0,132.0,8.9,Low
52,Female,Respiratory Issue,2,80.0,109.0,18.3,Medium
29,Male,Chronic Pain,4,103.0,103.0,9.6,Medium
38,Male,Respiratory Issue,3,90.0,132.0,22.5,Low
30,Female,Cardiac Symptoms,3,100.0,122.0,20.9,Medium
81,Male,Routine Checkup,1,61.0,118.0,2.9,Low
99,Female,Fever/Cold,1,66.0,121.0,41.6,Low
1,Female,Fever/Cold,2,38.0,103.0,42.8,Low
77,Female,Injury/Trauma,5,69.0,155.0,39.5,High
76,Male,Injury/Trauma,4,74.0,123.0,42.5,High
92,Male,Routine Checkup,3,81.0,123.0,37.7,Medium
11,Male,Fever/Cold,1,67.0,118.0,46.9,Low
38,Female,Injury/Trauma,4,86.0,87.0,29.0,High
65,Female,Respiratory Issue,5,84.0,106.0,29.3,High
95,Female,Chronic Pain,3,67.0,95.0,43.1,Medium
12,Female,Cardiac Symptoms,3,60.0,93.0,17.8,Low
45,Female,Injury/Trauma,5,75.0,89.0,3.0,High
26,Female,Routine Checkup,3,76.0,107.0,37.6,Low
16,Male,Fever/Cold,5,,120.0,13.1,Medium
94,Male,Routine Checkup,3,71.0,91.0,24.0,Medium
97,Female,Cardiac Symptoms,2,53.0,133.0,12.4,Medium
59,Male,Cardiac Symptoms,5,85.0,125.0,41.4,High
63,Male,Routine Checkup,4,85.0,115.0,47.9,Medium
87,Female,Injury/Trauma,2,75.0,,3.2,Medium
34,Female,Injury/Trauma,4,86.0,115.0,12.1,Medium
69,Male,Fever/Cold,3,76.0,135.0,9.9,Low
82,Female,Respiratory Issue,4,99.0,124.0,33.8,Medium
29,Female,Fever/Cold,2,55.0,148.0,21.7,Medium
70,Female,Chronic Pain,5,78.0,141.0,23.1,High
73,Male,Respiratory Issue,1,88.0,113.0,8.3,Low
95,Male,Chronic Pain,4,97.0,114.0,21.0,High
97,Female,Fever/Cold,1,86.0,93.0,15.5,Low
62,Female,Respiratory Issue,4,59.0,122.0,30.8,Medium
27,Female,Respiratory Issue,4,50.0,133.0,11.3,Medium
59,Female,Chronic Pain,5,72.0,118.0,30.9,Medium
78,Male,Routine Checkup,3,80.0,148.0,19.2,High
93,Male,Injury/Trauma,2,89.0,122.0,17.6,Medium
36,Female,Respiratory Issue,2,,144.0,15.6,Medium
92,Male,Respiratory Issue,2,84.0,116.0,33.9,Low
21,Male,Chronic Pain,3,34.0,96.0,28.3,Low
67,Female,Respiratory Issue,1,63.0,107.0,42.7,Low
19,Male,Chronic Pain,2,87.0,119.0,12.5,Low
95,Male,Routine Checkup,1,57.0,105.0,2.5,Low
99,Male,Respiratory Issue,3,58.0,86.0,9.5,Medium
67,Male,Cardiac Symptoms,3,67.0,79.0,17.5,Medium
90,Male,Fever/Cold,5,77.0,140.0,9.4,High
63,Female,Routine Checkup,2,58.0,127.0,4.6,Low
16,Female,Cardiac Symptoms,5,74.0,125.0,22.5,High
11,Male,Routine Checkup,2,68.0,123.0,34.0,Low
21,Female,Injury/Trauma,3,92.0,109.0,37.7,Low
16,Male,Routine Checkup,3,67.0,135.0,20.2,Low
9,Female,Routine Checkup,4,75.0,85.0,24.2,Medium
64,Female,Injury/Trauma,4,77.0,78.0,37.9,High
21,Female,Respiratory Issue,3,68.0,115.0,18.0,Low
89,Female,Fever/Cold,3,86.0,122.0,39.3,Medium
81,Male,Cardiac Symptoms,1,89.0,102.0,48.4,Low
49,Male,Chronic Pain,1,67.0,88.0,44.1,Low
13,Female,Fever/Cold,5,79.0,131.0,23.0,Medium
63,Male,Routine Checkup,4,61.0,111.0,29.2,Medium
46,Male,Chronic Pain,4,83.0,133.0,36.0,High
28,Female,Injury/Trauma,3,78.0,146.0,17.8,Medium
75,Female,Fever/Cold,3,69.0,87.0,40.1,High
35,Female,Respiratory Issue,5,79.0,124.0,22.1,Medium
98,Male,Cardiac Symptoms,4,83.0,124.0,42.4,High
51,Female,Fever/Cold,1,93.0,134.0,13.1,Low
75,Male,Fever/Cold,2,80.0,109.0,1.1,Low
6,Male,Respiratory Issue,5,88.0,121.0,31.8,Medium
28,Female,Chronic Pain,2,103.0,134.0,22.9,Low
10,Male,Injury/Trauma,1,59.0,,3.5,Low
32,Male,Respiratory Issue,1,92.0,151.0,24.6,Low
5,Female,Injury/Trauma,2,61.0,102.0,8.8,Low
78,Male,Respiratory Issue,5,64.0,124.0,31.7,High
31,Male,Fever/Cold,2,74.0,118.0,22.5,Low
50,Male,Injury/Trauma,5,65.0,115.0,9.0,High
74,Male,Chronic Pain,5,62.0,131.0,20.9,High
57,Male,Chronic Pain,3,74.0,122.0,12.0,Low
86,Female,Cardiac Symptoms,4,70.0,98.0,32.8,Medium
25,Female,Injury/Trauma,4,65.0,139.0,15.1,Medium
97,Male,Cardiac Symptoms,1,60.0,131.0,41.2,Medium
45,Female,Respiratory Issue,3,96.0,149.0,1.2,High
97,Male,Routine Checkup,4,56.0,134.0,20.5,Medium
28,Male,Chronic Pain,5,72.0,115.0,31.0,Medium
3,Female,Fever/Cold,5,91.0,115.0,1.6,Medium
80,Male,Chronic Pain,2,87.0,140.0,11.2,Low
98,Other,Routine Checkup,2,78.0,104.0,16.7,Medium
12,Male,Fever/Cold,5,65.0,101.0,1.6,High
38,Female,Injury/Trauma,5,74.0,124.0,27.6,High
14,Male,Injury/Trauma,2,58.0,90.0,31.7,Low
28,Male,Chronic Pain,4,70.0,126.0,11.8,Medium
28,Male,Fever/Cold,1,70.0,129.0,27.4,Low
74,Female,Respiratory Issue,2,71.0,115.0,50.0,Low
31,Female,Fever/Cold,4,63.0,148.0,44.4,Medium
1,Female,Cardiac Symptoms,4,49.0,142.0,3.4,High
46,Male,Routine Checkup,4,93.0,104.0,6.8,Medium
77,Male,Injury/Trauma,3,90.0,133.0,25.0,Medium
83,Male,Chronic Pain,3,88.0,139.0,12.6,Low
21,Female,Fever/Cold,4,80.0,121.0,4.5,Medium
74,Female,Injury/Trauma,5,77.0,,13.1,High
26,Male,Chronic Pain,3,64.0,97.0,3.5,Low
66,Female,Injury/Trauma,2,66.0,108.0,26.7,Low
80,Male,Chronic Pain,3,96.0,98.0,24.8,Medium
55,Female,Injury/Trauma,5,100.0,138.0,0.8,High
91,Female,Respiratory Issue,1,72.0,114.0,24.4,Low
92,Male,Cardiac Symptoms,3,75.0,130.0,26.2,Medium
20,Male,Routine Checkup,4,85.0,145.0,30.5,Medium
46,Other,Injury/Trauma,4,76.0,124.0,48.5,Medium
79,Female,Routine Checkup,4,77.0,143.0,49.1,High
58,Female,Injury/Trauma,1,74.0,112.0,26.6,Low
83,Female,Fever/Cold,5,60.0,127.0,42.3,High
5,Male,Cardiac Symptoms,2,69.0,124.0,4.7,Low
18,Female,Respiratory Issue,5,72.0,105.0,26.8,Medium
56,Female,Cardiac Symptoms,1,37.0,113.0,34.1,Low
68,Female,Routine Checkup,4,76.0,148.0,28.5,High
2,Male,Fever/Cold,5,109.0,113.0,11.9,High
0,Male,Chronic Pain,2,68.0,86.0,3.6,Low
57,Male,Cardiac Symptoms,4,75.0,113.0,19.6,Medium
37,Male,Respiratory Issue,2,62.0,104.0,32.6,Low
14,Male,Fever/Cold,3,58.0,129.0,49.6,Low
33,Male,Fever/Cold,2,70.0,132.0,12.2,Low
60,Male,Routine Checkup,4,84.0,127.0,45.9,Medium
34,Male,Respiratory Issue,3,71.0,111.0,3.9,Low
63,Female,Fever/Cold,4,69.0,121.0,46.6,High
24,Male,Fever/Cold,4,82.0,113.0,41.7,High
23,Male,Chronic Pain,3,78.0,91.0,1.5,Low
11,Male,Routine Checkup,2,79.0,117.0,15.3,Low
17,Male,Routine Checkup,1,92.0,172.0,3.0,Low
14,Female,Respiratory Issue,1,90.0,99.0,49.8,Low
79,Male,Fever/Cold,1,97.0,82.0,21.7,Low
26,Female,Chronic Pain,1,56.0,148.0,33.3,Low
71,Female,Injury/Trauma,5,87.0,128.0,12.1,High
59,Female,Cardiac Symptoms,1,99.0,125.0,46.7,Low
45,Female,Routine Checkup,3,50.0,112.0,14.1,Low
88,Female,Chronic Pain,1,74.0,124.0,13.4,Low
16,Female,Respiratory Issue,4,66.0,121.0,16.1,Medium
92,Male,Chronic Pain,1,74.0,146.0,23.4,Medium
52,Male,Fever/Cold,2,92.0,138.0,1.4,Low
7,Female,Cardiac Symptoms,3,54.0,132.0,30.1,Low
78,Male,Routine Checkup,3,78.0,106.0,2.1,Medium
26,Male,Injury/Trauma,5,66.0,124.0,27.2,Medium
45,Female,Fever/Cold,4,92.0,107.0,23.2,High
49,Female,Routine Checkup,3,81.0,144.0,12.5,Medium
70,Male,Respiratory Issue,2,72.0,105.0,16.8,Medium
2,Female,Routine Checkup,1,64.0,117.0,35.4,Low
92,Male,Chronic Pain,3,114.0,98.0,1.0,High
63,Female,Cardiac Symptoms,2,79.0,110.0,16.2,Low
43,Male,Injury/Trauma,1,,109.0,34.2,Low
52,Male,Cardiac Symptoms,5,62.0,116.0,8.0,High
23,Female,Chronic Pain,3,81.0,102.0,28.2,Low
59,Male,Injury/Trauma,3,64.0,144.0,8.9,High
2,Female,Injury/Trauma,2,65.0,116.0,8.2,Medium
19,Male,Fever/Cold,4,89.0,109.0,38.7,Medium
45,Male,Injury/Trauma,5,88.0,135.0,13.7,High
14,Female,Routine Checkup,4,66.0,163.0,19.1,Medium
24,Male,Cardiac Symptoms,3,92.0,111.0,36.6,Low
93,Male,Respiratory Issue,4,64.0,115.0,9.4,High
77,Male,Respiratory Issue,1,100.0,105.0,26.8,Low
70,Female,Cardiac Symptoms,5,83.0,133.0,45.9,High
16,Female,Fever/Cold,4,79.0,139.0,27.9,Medium
83,Other,Injury/Trauma,1,69.0,119.0,2.9,Low
99,Male,Chronic Pain,2,65.0,111.0,29.7,Medium
8,Male,Routine Checkup,4,40.0,130.0,5.0,High
37,Male,Fever/Cold,5,70.0,134.0,14.5,High
47,Female,Injury/Trauma,1,74.0,151.0,42.6,Low
59,Male,Respiratory Issue,4,47.0,108.0,1.0,Medium
62,Female,Chronic Pain,2,87.0,137.0,4.3,Medium
85,Male,Injury/Trauma,4,72.0,122.0,18.5,High
1,Other,Fever/Cold,1,93.0,85.0,50.0,Low
87,Female,Chronic Pain,4,64.0,150.0,14.9,High
71,Female,Chronic Pain,5,93.0,125.0,8.3,High
10,Male,Chronic Pain,3,68.0,132.0,27.7,Low
63,Male,Chronic Pain,1,74.0,138.0,26.2,Low
76,Male,Injury/Trauma,1,78.0,131.0,22.8,Low
80,Male,Chronic Pain,1,,100.0,47.4,Low
71,Male,Injury/Trauma,1,79.0,133.0,14.4,Low
20,Female,Chronic Pain,4,46.0,129.0,15.0,Medium
17,Male,Chronic Pain,5,72.0,86.0,7.4,Medium
93,Female,Fever/Cold,2,73.0,153.0,35.0,Low
63,Female,Injury/Trauma,5,45.0,112.0,16.4,High
81,Male,Respiratory Issue,1,84.0,,40.2,Low
94,Female,Injury/Trauma,4,61.0,113.0,48.6,High
37,Male,Cardiac Symptoms,4,89.0,109.0,2.7,Medium
31,Male,Respiratory Issue,1,76.0,118.0,49.7,Low
10,Female,Fever/Cold,4,66.0,162.0,13.1,Medium
44,Female,Injury/Trauma,1,90.0,160.0,21.3,Low
88,Male,Fever/Cold,5,99.0,109.0,39.0,High
32,Male,Respiratory Issue,3,75.0,144.0,33.4,Medium
40,Female,Fever/Cold,4,95.0,120.0,39.0,Medium
7,Male,Fever/Cold,1,,160.0,23.6,Low
10,Female,Routine Checkup,1,89.0,143.0,45.8,Low
85,Female,Injury/Trauma,4,69.0,125.0,39.6,High
50,Other,Fever/Cold,2,102.0,121.0,15.8,Medium
87,Male,Routine Checkup,1,91.0,132.0,47.4,Low
40,Male,Routine Checkup,4,82.0,129.0,48.1,Medium
16,Male,Chronic Pain,1,36.0,97.0,21.0,Low
75,Male,Chronic Pain,2,81.0,124.0,32.8,Medium
45,Male,Respiratory Issue,3,56.0,106.0,40.8,Medium
31,Male,Injury/Trauma,2,80.0,109.0,41.0,Low
78,Female,Chronic Pain,5,94.0,142.0,1.2,High
79,Female,Respiratory Issue,4,85.0,124.0,31.6,High
53,Male,Injury/Trauma,2,87.0,110.0,48.7,Low
85,Male,Respiratory Issue,3,69.0,95.0,12.0,Medium
91,Male,Routine Checkup,1,52.0,104.0,39.9,Medium
19,Male,Routine Checkup,4,63.0,118.0,26.9,Medium
32,Female,Injury/Trauma,2,70.0,153.0,11.5,Low
73,Female,Respiratory Issue,3,74.0,99.0,3.0,Medium
39,Female,Respiratory Issue,2,94.0,125.0,38.1,Medium
31,Female,Chronic Pain,5,85.0,128.0,16.2,Medium
96,Female,Chronic Pain,4,108.0,144.0,19.1,High
1,Female,Injury/Trauma,1,59.0,122.0,24.5,Low
96,Male,Cardiac Symptoms,3,92.0,128.0,25.6,Medium
32,Female,Chronic Pain,2,88.0,143.0,10.7,Low
76,Female,Fever/Cold,4,73.0,104.0,33.7,Medium
29,Male,Chronic Pain,2,60.0,135.0,34.8,Low
32,Male,Cardiac Symptoms,4,65.0,92.0,7.5,Medium
76,Male,Respiratory Issue,5,65.0,121.0,26.9,High
25,Female,Routine Checkup,2,100.0,115.0,30.7,Low
21,Male,Routine Checkup,5,87.0,105.0,9.7,Medium
65,Male,Respiratory Issue,3,87.0,139.0,44.8,Medium
37,Male,Routine Checkup,5,76.0,140.0,24.4,High
89,Female,Chronic Pain,4,,141.0,6.2,High
45,Male,Routine Checkup,3,80.0,,17.1,Medium
14,Female,Cardiac Symptoms,2,76.0,95.0,24.1,Low
97,Female,Cardiac Symptoms,2,73.0,113.0,1.0,Medium
43,Female,Chronic Pain,4,80.0,140.0,2.1,Medium
48,Female,Respiratory Issue,1,59.0,139.0,3.2,Low
74,Male,Fever/Cold,1,79.0,143.0,27.1,Medium
60,Male,Chronic Pain,2,73.0,126.0,17.1,Low
66,Female,Routine Checkup,4,64.0,116.0,44.7,High
5,Male,Chronic Pain,1,84.0,80.0,28.2,Low
8,Male,Cardiac Symptoms,5,101.0,137.0,38.1,Medium
5,Female,Chronic Pain,2,94.0,118.0,34.5,Low
72,Male,Chronic Pain,5,70.0,94.0,26.3,High
94,Female,Fever/Cold,4,84.0,135.0,37.4,High
31,Male,Cardiac Symptoms,5,87.0,148.0,27.5,High
40,Female,Injury/Trauma,1,76.0,137.0,19.6,Low
75,Female,Injury/Trauma,1,74.0,133.0,22.1,Low
7,Female,Cardiac Symptoms,3,80.0,138.0,42.0,Low
71,Male,Injury/Trauma,2,112.0,65.0,28.4,Medium
49,Female,Routine Checkup,4,78.0,154.0,19.2,Medium
91,Female,Injury/Trauma,2,55.0,104.0,9.4,Low
61,Male,Routine Checkup,5,59.0,105.0,25.0,High
83,Male,Cardiac Symptoms,4,72.0,110.0,13.0,Medium
61,Female,Injury/Trauma,4,56.0,112.0,47.8,High
6,Female,Injury/Trauma,1,73.0,150.0,24.8,Low
74,Male,Respiratory Issue,5,108.0,130.0,0.9,High
83,Female,Routine Checkup,1,67.0,106.0,5.1,Low
79,Male,Routine Checkup,1,58.0,109.0,14.6,Low
3,Male,Chronic Pain,3,,169.0,5.1,Medium
5,Female,Fever/Cold,1,73.0,127.0,44.8,Low
57,Female,Injury/Trauma,2,60.0,111.0,42.8,Low
21,Female,Respiratory Issue,4,56.0,87.0,48.6,Medium
25,Other,Fever/Cold,1,,86.0,35.5,Low
2,Male,Respiratory Issue,2,82.0,97.0,32.5,Low
40,Male,Fever/Cold,5,67.0,121.0,46.2,Medium
59,Male,Injury/Trauma,4,57.0,142.0,47.3,High
13,Female,Respiratory Issue,5,67.0,132.0,43.9,Medium
74,Female,Routine Checkup,2,56.0,143.0,43.1,Medium
81,Male,Chronic Pain,5,66.0,131.0,33.7,High
11,Male,Respiratory Issue,5,106.0,95.0,0.6,High
86,Male,Cardiac Symptoms,5,78.0,,21.8,High
11,Female,Injury/Trauma,1,65.0,129.0,32.0,Low
12,Male,Injury/Trauma,1,85.0,117.0,27.6,Low
24,Male,Cardiac Symptoms,1,61.0,113.0,41.1,Low
44,Female,Fever/Cold,4,68.0,117.0,41.0,High
18,Female,Chronic Pain,2,47.0,89.0,30.1,Low
54,Female,Fever/Cold,1,94.0,93.0,1.6,Low
99,Female,Cardiac Symptoms,5,71.0,170.0,18.8,High
44,Male,Cardiac Symptoms,5,62.0,94.0,11.8,High
7,Female,Chronic Pain,5,84.0,84.0,17.3,Medium
92,Female,Cardiac Symptoms,5,59.0,105.0,31.1,High
52,Female,Cardiac Symptoms,3,60.0,129.0,3.8,Medium
54,Male,Respiratory Issue,4,69.0,131.0,1.6,Medium
31,Male,Chronic Pain,2,57.0,99.0,22.1,Low
50,Male,Injury/Trauma,2,65.0,121.0,39.8,Low
43,Male,Fever/Cold,1,72.0,109.0,2.0,Low
81,Female,Injury/Trauma,3,,123.0,42.5,Medium
69,Male,Injury/Trauma,2,55.0,,19.5,Medium
17,Male,Respiratory Issue,4,71.0,106.0,6.4,Medium
82,Male,Fever/Cold,5,83.0,107.0,28.6,High
21,Male,Injury/Trauma,1,86.0,76.0,47.6,Low
36,Male,Chronic Pain,4,67.0,115.0,27.4,Medium
95,Male,Fever/Cold,2,72.0,118.0,34.5,Medium
55,Male,Routine Checkup,3,71.0,91.0,40.9,Medium
58,Female,Respiratory Issue,1,54.0,113.0,40.1,Low
2,Female,Injury/Trauma,2,66.0,114.0,4.1,Low
27,Male,Cardiac Symptoms,1,86.0,82.0,37.2,Low
73,Female,Fever/Cold,2,87.0,104.0,47.5,Medium
34,Female,Routine Checkup,5,81.0,103.0,35.2,Medium
60,Female,Cardiac Symptoms,3,35.0,123.0,41.9,Medium
92,Male,Routine Checkup,5,63.0,,24.5,High
53,Male,Injury/Trauma,2,82.0,120.0,16.3,Low
62,Male,Cardiac Symptoms,4,100.0,143.0,34.0,High
78,Male,Injury/Trauma,5,74.0,115.0,24.9,High
96,Male,Cardiac Symptoms,4,76.0,127.0,44.8,High
6,Female,Fever/Cold,2,73.0,121.0,48.7,Low
75,Male,Chronic Pain,3,55.0,,41.1,High
48,Male,Chronic Pain,4,80.0,116.0,49.6,Medium
93,Female,Routine Checkup,2,52.0,135.0,17.7,Medium
84,Male,Respiratory Issue,4,73.0,124.0,44.8,Medium
30,Female,Cardiac Symptoms,5,76.0,142.0,16.8,High
57,Female,Injury/Trauma,2,75.0,132.0,6.3,Medium
60,Female,Respiratory Issue,5,55.0,126.0,31.3,High
23,Other,Fever/Cold,1,64.0,97.0,23.0,Low
19,Male,Fever/Cold,2,85.0,98.0,46.1,Low
36,Female,Fever/Cold,4,76.0,107.0,24.9,Medium
3,Female,Chronic Pain,1,64.0,114.0,46.4,Low
91,Female,Injury/Trauma,5,58.0,122.0,4.4,High
19,Female,Fever/Cold,5,87.0,107.0,41.6,Medium
59,Female,Fever/Cold,4,75.0,80.0,38.1,High
23,Male,Routine Checkup,1,58.0,140.0,36.1,Low
49,Female,Cardiac Symptoms,3,72.0,128.0,18.1,Medium
48,Male,Cardiac Symptoms,4,62.0,121.0,39.3,Medium
50,Female,Cardiac Symptoms,5,79.0,145.0,24.4,High
95,Female,Respiratory Issue,2,93.0,103.0,35.9,Medium
35,Male,Routine Checkup,1,58.0,117.0,27.8,Low
97,Male,Chronic Pain,3,77.0,123.0,8.3,High
99,Male,Respiratory Issue,2,77.0,111.0,3.7,Medium
65,Female,Routine Checkup,1,42.0,104.0,18.6,Low
78,Female,Fever/Cold,4,87.0,137.0,46.7,High
33,Female,Injury/Trauma,4,106.0,125.0,26.7,High
35,Female,Respiratory Issue,1,,132.0,40.2,Low
5,Female,Respiratory Issue,3,95.0,103.0,29.0,Low
38,Male,Fever/Cold,1,56.0,136.0,47.9,Low
41,Male,Fever/Cold,2,64.0,107.0,18.8,Low
57,Female,Injury/Trauma,2,76.0,124.0,3.3,Low
11,Male,Cardiac Symptoms,4,62.0,159.0,39.1,Medium
2,Male,Respiratory Issue,1,75.0,137.0,35.4,Low
17,Male,Routine Checkup,4,90.0,126.0,26.6,Medium
39,Male,Chronic Pain,3,61.0,147.0,16.7,Medium
20,Female,Fever/Cold,2,90.0,108.0,9.8,Low
14,Male,Fever/Cold,5,46.0,129.0,24.4,Medium
96,Female,Chronic Pain,5,66.0,103.0,33.5,High
98,Male,Routine Checkup,1,72.0,112.0,29.2,Low
25,Male,Fever/Cold,1,61.0,151.0,22.2,Low
7,Male,Chronic Pain,5,66.0,125.0,27.2,Medium
99,Female,Fever/Cold,1,95.0,148.0,5.8,Medium
93,Female,Cardiac Symptoms,2,93.0,117.0,34.9,Medium
86,Female,Cardiac Symptoms,3,85.0,144.0,36.8,Medium
41,Female,Fever/Cold,3,90.0,121.0,1.1,Medium
43,Female,Fever/Cold,4,65.0,,13.9,Medium
13,Female,Cardiac Symptoms,2,56.0,120.0,5.1,Low
77,Female,Fever/Cold,1,62.0,127.0,49.9,Low
1,Female,Routine Checkup,1,65.0,114.0,29.9,Low
36,Male,Routine Checkup,4,65.0,92.0,23.6,Medium
68,Female,Injury/Trauma,4,82.0,119.0,23.4,Medium
37,Female,Routine Checkup,1,79.0,122.0,48.3,Low
40,Female,Respiratory Issue,1,72.0,152.0,33.2,Low
61,Male,Respiratory Issue,2,73.0,74.0,8.8,Low
59,Female,Respiratory Issue,4,91.0,152.0,22.7,High
13,Female,Fever/Cold,2,55.0,140.0,38.8,Low
88,Male,Fever/Cold,1,86.0,133.0,21.5,Low
83,Female,Chronic Pain,5,43.0,,15.8,High
1,Male,Respiratory Issue,5,66.0,99.0,49.6,Medium
69,Male,Respiratory Issue,1,97.0,159.0,46.8,Low
16,Male,Routine Checkup,4,79.0,144.0,47.1,High
88,Male,Cardiac Symptoms,5,68.0,125.0,7.0,High
27,Female,Cardiac Symptoms,4,,125.0,12.1,Low
65,Male,Injury/Trauma,5,83.0,,22.4,High
34,Male,Chronic Pain,4,83.0,131.0,41.7,Medium
4,Male,Cardiac Symptoms,5,71.0,119.0,37.0,Medium
64,Male,Injury/Trauma,4,89.0,,42.6,Medium
39,Male,Routine Checkup,2,65.0,128.0,46.1,Low
75,Female,Chronic Pain,4,64.0,168.0,39.1,High
55,Male,Chronic Pain,2,103.0,101.0,13.5,Low
35,Female,Respiratory Issue,2,,123.0,14.6,Low
44,Female,Fever/Cold,1,44.0,144.0,17.9,Low
22,Male,Respiratory Issue,2,90.0,136.0,15.5,Low
46,Female,Routine Checkup,3,95.0,133.0,12.8,Low
30,Male,Respiratory Issue,2,71.0,180.0,37.7,Low
10,Male,Chronic Pain,4,43.0,141.0,2.2,Medium
9,Male,Respiratory Issue,2,74.0,107.0,36.6,Low
66,Male,Injury/Trauma,4,106.0,105.0,41.3,High
13,Female,Respiratory Issue,4,78.0,119.0,3.8,Medium
79,Female,Cardiac Symptoms,3,86.0,111.0,3.6,Medium
73,Male,Routine Checkup,2,87.0,121.0,14.6,Low
92,Female,Routine Checkup,2,89.0,126.0,10.8,Low
9,Male,Chronic Pain,5,102.0,125.0,29.3,High
75,Female,Respiratory Issue,5,91.0,70.0,33.9,High
93,Male,Chronic Pain,1,73.0,104.0,31.9,Low
0,Male,Chronic Pain,4,58.0,134.0,18.2,Medium
4,Male,Injury/Trauma,3,,152.0,25.2,Medium
19,Male,Fever/Cold,5,72.0,111.0,32.2,High
7,Female,Chronic Pain,2,,112.0,6.4,Low
42,Female,Fever/Cold,1,62.0,,11.9,Low
75,Male,Fever/Cold,3,70.0,154.0,44.6,Medium
0,Female,Routine Checkup,2,75.0,121.0,17.4,Low
56,Female,Cardiac Symptoms,2,60.0,75.0,40.2,Low
63,Female,Cardiac Symptoms,4,75.0,155.0,12.9,High
83,Male,Respiratory Issue,4,86.0,133.0,2.6,Medium
27,Male,Injury/Trauma,5,103.0,94.0,25.3,High
36,Female,Injury/Trauma,5,63.0,109.0,44.7,High
46,Female,Cardiac Symptoms,2,88.0,104.0,41.1,Low
75,Male,Respiratory Issue,2,45.0,115.0,13.0,Low
36,Male,Cardiac Symptoms,5,74.0,149.0,45.5,High
48,Male,Respiratory Issue,5,76.0,82.0,24.2,High
43,Female,Respiratory Issue,2,87.0,113.0,2.9,Low
55,Female,Respiratory Issue,3,67.0,122.0,1.9,Low
27,Male,Respiratory Issue,2,78.0,118.0,24.5,Low
78,Female,Routine Checkup,3,91.0,104.0,27.5,Medium
5,Female,Routine Checkup,3,58.0,143.0,4.5,Medium
60,Female,Cardiac Symptoms,2,45.0,116.0,46.2,Low
19,Female,Respiratory Issue,1,91.0,114.0,36.1,Low
77,Female,Chronic Pain,5,,126.0,40.2,High
1,Male,Respiratory Issue,4,81.0,114.0,29.4,Low
72,Female,Chronic Pain,2,104.0,108.0,33.3,Medium
36,Male,Routine Checkup,3,87.0,101.0,19.7,Low
19,Male,Respiratory Issue,2,60.0,163.0,34.1,Low
25,Male,Fever/Cold,5,53.0,135.0,48.9,High
28,Male,Cardiac Symptoms,3,,112.0,32.6,Low
0,Male,Respiratory Issue,4,77.0,145.0,17.4,Medium
34,Male,Injury/Trauma,4,71.0,130.0,14.6,High
69,Female,Chronic Pain,4,95.0,120.0,48.2,Medium
58,Male,Respiratory Issue,1,85.0,99.0,9.7,Low
68,Female,Fever/Cold,3,,103.0,40.4,Medium
32,Male,Chronic Pain,3,87.0,139.0,23.5,Low
50,Female,Fever/Cold,1,97.0,135.0,22.5,Low
77,Female,Cardiac Symptoms,3,70.0,92.0,37.5,Medium
11,Male,Cardiac Symptoms,1,82.0,111.0,7.8,Low
19,Female,Cardiac Symptoms,2,61.0,133.0,23.6,Low
52,Female,Routine Checkup,5,72.0,142.0,2.3,High
87,Female,Fever/Cold,4,61.0,130.0,33.7,High
42,Female,Respiratory Issue,1,93.0,110.0,3.4,Low
97,Female,Injury/Trauma,1,67.0,124.0,4.8,Low
88,Female,Injury/Trauma,1,81.0,115.0,42.3,Low
49,Male,Cardiac Symptoms,2,84.0,127.0,22.4,Low
28,Male,Injury/Trauma,1,121.0,149.0,10.4,Low
56,Female,Chronic Pain,5,71.0,104.0,29.8,High
38,Male,Fever/Cold,5,63.0,125.0,26.2,High
94,Female,Fever/Cold,4,73.0,118.0,20.8,Medium
55,Male,Fever/Cold,2,62.0,114.0,45.3,Low
42,Female,Chronic Pain,5,67.0,117.0,37.6,High
49,Other,Respiratory Issue,3,85.0,146.0,8.0,Medium
22,Male,Routine Checkup,3,64.0,131.0,28.8,Low
43,Male,Chronic Pain,3,83.0,110.0,4.9,Medium
37,Female,Fever/Cold,1,83.0,132.0,12.6,Low
83,Female,Fever/Cold,1,78.0,108.0,45.5,Low
22,Male,Fever/Cold,3,85.0,84.0,23.4,Low
44,Male,Respiratory Issue,4,70.0,73.0,44.7,Medium
51,Female,Injury/Trauma,4,44.0,130.0,8.7,Medium
79,Female,Routine Checkup,1,75.0,114.0,10.7,Low
49,Male,Chronic Pain,3,76.0,139.0,18.0,Low
7,Male,Fever/Cold,4,69.0,127.0,18.6,Low
84,Female,Cardiac Symptoms,1,84.0,125.0,37.4,Low
0,Male,Routine Checkup,3,86.0,110.0,30.2,Low
7,Male,Cardiac Symptoms,2,78.0,130.0,27.9,Low
28,Female,Routine Checkup,3,76.0,151.0,30.3,Medium
95,Male,Fever/Cold,3,93.0,79.0,36.7,Medium
4,Female,Routine Checkup,5,58.0,117.0,44.7,Medium
85,Male,Routine Checkup,5,70.0,146.0,21.0,High
46,Female,Fever/Cold,2,89.0,97.0,40.2,Low
33,Female,Respiratory Issue,2,83.0,122.0,25.0,Low
64,Male,Cardiac Symptoms,3,,106.0,36.2,Low
54,Female,Respiratory Issue,4,80.0,114.0,43.8,Medium
89,Male,Cardiac Symptoms,2,66.0,84.0,2.1,Medium
42,Female,Injury/Trauma,3,77.0,139.0,27.6,Low
73,Female,Cardiac Symptoms,1,85.0,123.0,49.5,Low
29,Male,Cardiac Symptoms,5,,91.0,25.1,Medium
81,Male,Routine Checkup,4,84.0,128.0,43.3,High
16,Male,Injury/Trauma,3,95.0,124.0,9.7,Low
25,Female,Fever/Cold,1,53.0,106.0,30.4,Low
7,Male,Fever/Cold,5,41.0,159.0,43.6,High
46,Male,Chronic Pain,1,42.0,130.0,21.9,Low
75,Male,Injury/Trauma,3,91.0,145.0,24.6,Medium
90,Male,Routine Checkup,2,84.0,,4.6,Low
71,Female,Chronic Pain,5,64.0,87.0,2.6,High
88,Male,Chronic Pain,1,69.0,73.0,23.7,Low
45,Female,Fever/Cold,2,80.0,99.0,42.3,Low
67,Male,Cardiac Symptoms,4,64.0,146.0,46.6,High
32,Male,Routine Checkup,3,62.0,109.0,33.1,Medium
0,Female,Injury/Trauma,3,65.0,140.0,41.4,Low
18,Other,Chronic Pain,5,,96.0,36.9,Medium
30,Female,Routine Checkup,1,75.0,106.0,35.2,Low
79,Male,Fever/Cold,4,99.0,109.0,38.6,High
13,Male,Chronic Pain,5,59.0,,25.5,High
52,Female,Chronic Pain,5,,92.0,23.2,High
47,Male,Respiratory Issue,1,81.0,104.0,8.4,Low
68,Male,Fever/Cold,4,83.0,115.0,42.3,High
89,Female,Respiratory Issue,1,67.0,93.0,2.7,Low
61,Female,Fever/Cold,3,84.0,84.0,13.7,Medium
91,Other,Fever/Cold,2,81.0,120.0,26.2,Medium
65,Female,Respiratory Issue,3,68.0,93.0,48.6,Medium
63,Female,Routine Checkup,3,54.0,144.0,39.4,Medium
69,Male,Routine Checkup,5,57.0,144.0,18.7,High
62,Male,Routine Checkup,3,86.0,108.0,35.8,Medium
72,Female,Cardiac Symptoms,4,96.0,132.0,46.6,Medium
32,Female,Chronic Pain,3,75.0,121.0,27.2,Medium
40,Male,Routine Checkup,4,96.0,141.0,23.4,High
88,Male,Cardiac Symptoms,1,74.0,110.0,27.9,Low
47,Male,Chronic Pain,5,57.0,130.0,15.9,Medium
12,Female,Routine Checkup,4,71.0,126.0,45.4,Medium
72,Male,Fever/Cold,3,97.0,125.0,40.0,Medium
76,Male,Injury/Trauma,5,65.0,107.0,35.4,High
30,Female,Routine Checkup,5,72.0,143.0,29.7,High
74,Female,Injury/Trauma,4,92.0,111.0,48.5,High
67,Male,Routine Checkup,4,91.0,111.0,15.2,High
97,Female,Fever/Cold,2,79.0,105.0,14.5,Low
3,Female,Injury/Trauma,2,83.0,106.0,12.5,Low
18,Male,Cardiac Symptoms,5,90.0,115.0,37.2,Medium
69,Male,Fever/Cold,2,79.0,128.0,40.0,Medium
97,Male,Injury/Trauma,3,94.0,135.0,30.1,Medium
81,Male,Injury/Trauma,1,85.0,122.0,32.8,Low
12,Female,Respiratory Issue,5,72.0,148.0,17.8,High
22,Male,Respiratory Issue,1,81.0,122.0,2.5,Low
82,Female,Fever/Cold,2,69.0,84.0,13.1,Medium
74,Male,Fever/Cold,4,60.0,96.0,29.4,High
0,Male,Fever/Cold,5,57.0,134.0,40.7,Medium
87,Female,Chronic Pain,2,71.0,113.0,39.0,Low
53,Male,Cardiac Symptoms,3,79.0,112.0,9.4,Medium
70,Male,Routine Checkup,5,102.0,100.0,3.0,High
88,Male,Respiratory Issue,5,81.0,,42.6,High
84,Male,Injury/Trauma,4,77.0,112.0,4.2,Medium
14,Female,Respiratory Issue,5,73.0,129.0,20.0,Medium
64,Male,Routine Checkup,4,,115.0,5.2,High
75,Female,Fever/Cold,2,76.0,145.0,28.4,Medium
70,Female,Respiratory Issue,3,70.0,106.0,18.5,Low
14,Male,Cardiac Symptoms,3,70.0,124.0,10.5,Low
20,Male,Cardiac Symptoms,5,87.0,86.0,30.0,High
18,Female,Chronic Pain,5,61.0,133.0,18.5,High
59,Female,Respiratory Issue,2,,91.0,8.8,Low
92,Male,Fever/Cold,4,64.0,131.0,35.2,Medium
88,Female,Injury/Trauma,3,,83.0,41.9,Medium
32,Male,Chronic Pain,4,87.0,99.0,14.1,Medium
48,Female,Fever/Cold,2,80.0,136.0,9.7,Low
95,Male,Chronic Pain,3,71.0,151.0,4.2,High
34,Female,Respiratory Issue,3,89.0,,26.6,Medium
43,Female,Routine Checkup,1,88.0,98.0,41.6,Low
89,Male,Respiratory Issue,2,75.0,156.0,12.9,Medium
10,Male,Fever/Cold,2,98.0,122.0,23.3,Low
98,Male,Injury/Trauma,1,81.0,99.0,8.5,Low
71,Other,Injury/Trauma,4,,149.0,20.5,High
77,Male,Fever/Cold,1,56.0,131.0,1.3,Low
73,Male,Chronic Pain,2,49.0,122.0,45.6,Medium
65,Female,Cardiac Symptoms,4,75.0,81.0,34.0,High
45,Female,Fever/Cold,3,89.0,161.0,17.0,Medium
8,Female,Respiratory Issue,1,79.0,125.0,44.1,Low
2,Female,Injury/Trauma,4,89.0,113.0,9.6,Medium
84,Male,Routine Checkup,4,68.0,149.0,4.4,High
25,Female,Injury/Trauma,4,76.0,101.0,47.2,Medium
71,Male,Cardiac Symptoms,1,75.0,98.0,15.8,Low
47,Male,Injury/Trauma,3,47.0,100.0,46.8,Low
65,Female,Cardiac Symptoms,4,101.0,112.0,32.1,High
69,Female,Fever/Cold,1,92.0,120.0,49.0,Low
27,Male,Injury/Trauma,2,88.0,132.0,37.8,Low
92,Female,Chronic Pain,1,94.0,94.0,5.7,Low
25,Male,Respiratory Issue,1,67.0,126.0,42.7,Low
24,Male,Chronic Pain,1,86.0,107.0,7.8,Low
11,Female,Respiratory Issue,4,67.0,117.0,34.8,Medium
4,Male,Injury/Trauma,1,77.0,144.0,25.3,Low
97,Male,Injury/Trauma,2,48.0,129.0,35.5,Medium
47,Female,Respiratory Issue,4,72.0,131.0,38.4,High
36,Female,Routine Checkup,2,52.0,107.0,40.3,Low
78,Male,Injury/Trauma,5,,158.0,41.8,High
43,Female,Routine Checkup,1,74.0,133.0,42.4,Low
99,Female,Routine Checkup,4,64.0,,20.9,High
14,Female,Respiratory Issue,4,80.0,142.0,44.5,Medium
42,Female,Routine Checkup,1,100.0,131.0,36.1,Low
47,Male,Routine Checkup,3,65.0,94.0,42.0,Medium
86,Male,Fever/Cold,3,71.0,124.0,49.5,Medium
69,Male,Chronic Pain,2,84.0,100.0,6.3,Low
45,Female,Routine Checkup,1,64.0,79.0,18.8,Low
42,Female,Chronic Pain,1,64.0,111.0,40.4,Low
20,Female,Routine Checkup,5,68.0,142.0,4.8,High
22,Other,Chronic Pain,3,88.0,149.0,27.3,Medium
79,Male,Injury/Trauma,3,48.0,109.0,43.0,Medium
46,Male,Injury/Trauma,1,62.0,114.0,1.4,Low
14,Male,Chronic Pain,2,97.0,147.0,47.0,Low
24,Male,Routine Checkup,1,28.0,,48.9,Low
35,Male,Fever/Cold,2,73.0,129.0,16.5,Low
74,Male,Chronic Pain,3,97.0,122.0,38.5,Medium
50,Female,Cardiac Symptoms,5,103.0,134.0,6.8,High
14,Female,Fever/Cold,4,86.0,119.0,38.8,Medium
67,Female,Cardiac Symptoms,3,92.0,150.0,24.3,High
20,Female,Chronic Pain,2,60.0,117.0,43.1,Low
12,Male,Routine Checkup,1,62.0,117.0,11.0,Low
85,Female,Cardiac Symptoms,3,100.0,78.0,33.8,High
18,Female,Chronic Pain,5,71.0,141.0,39.4,High
33,Female,Fever/Cold,2,46.0,100.0,10.5,Low
77,Male,Routine Checkup,1,81.0,72.0,41.0,Low
67,Male,Cardiac Symptoms,4,72.0,116.0,47.9,Medium
51,Male,Chronic Pain,2,76.0,113.0,31.0,Medium
26,Female,Routine Checkup,1,39.0,128.0,39.4,Low
28,Female,Routine Checkup,4,35.0,132.0,26.9,Medium
27,Female,Injury/Trauma,1,79.0,103.0,30.1,Low
34,Male,Routine Checkup,4,70.0,174.0,1.2,Medium
7,Female,Chronic Pain,4,68.0,115.0,26.5,Medium
15,Female,Fever/Cold,4,80.0,86.0,29.0,Medium
35,Male,Respiratory Issue,1,63.0,151.0,33.7,Low
29,Male,Injury/Trauma,4,71.0,134.0,8.9,Medium
17,Female,Chronic Pain,2,68.0,128.0,12.4,Low
1,Male,Chronic Pain,5,88.0,111.0,37.9,Medium
48,Female,Chronic Pain,5,46.0,120.0,8.8,High
76,Other,Cardiac Symptoms,4,65.0,76.0,21.1,Medium
3,Female,Cardiac Symptoms,5,,114.0,12.9,Medium
89,Female,Fever/Cold,5,62.0,169.0,27.5,High
88,Female,Chronic Pain,4,76.0,100.0,49.4,High
93,Female,Cardiac Symptoms,4,100.0,123.0,42.7,High
74,Male,Cardiac Symptoms,2,77.0,86.0,13.8,Low
6,Male,Cardiac Symptoms,3,107.0,109.0,18.7,Low
94,Male,Fever/Cold,1,95.0,94.0,46.0,Low
73,Female,Fever/Cold,4,65.0,128.0,45.0,Medium
38,Male,Chronic Pain,4,56.0,124.0,8.4,Medium
12,Male,Injury/Trauma,5,65.0,93.0,41.5,High
30,Male,Chronic Pain,2,80.0,121.0,15.2,Low
70,Female,Cardiac Symptoms,5,80.0,122.0,27.4,High
62,Female,Respiratory Issue,4,84.0,123.0,0.8,Medium
55,Other,Cardiac Symptoms,4,61.0,137.0,49.9,Medium
41,Female,Routine Checkup,5,63.0,151.0,38.2,High
60,Female,Respiratory Issue,4,83.0,107.0,12.5,Medium
41,Female,Respiratory Issue,3,104.0,113.0,34.3,Medium
55,Female,Chronic Pain,1,58.0,116.0,15.0,Low
35,Female,Cardiac Symptoms,1,73.0,93.0,4.9,Low
83,Male,Cardiac Symptoms,1,69.0,99.0,21.6,Low
67,Female,Injury/Trauma,3,77.0,131.0,30.9,Medium
6,Male,Routine Checkup,4,57.0,158.0,4.9,Medium
53,Male,Chronic Pain,5,76.0,99.0,26.2,High
0,Female,Fever/Cold,2,93.0,165.0,26.0,Low
43,Male,Chronic Pain,4,50.0,108.0,31.6,Medium
44,Male,Respiratory Issue,3,89.0,144.0,12.6,Medium
46,Female,Chronic Pain,3,57.0,128.0,1.5,Medium
12,Male,Injury/Trauma,1,78.0,123.0,16.6,Low
21,Female,Chronic Pain,4,82.0,111.0,20.2,Medium
20,Female,Injury/Trauma,1,80.0,120.0,32.0,Low
85,Female,Respiratory Issue,2,69.0,105.0,46.5,Low
91,Female,Injury/Trauma,1,84.0,138.0,10.6,Low
8,Female,Cardiac Symptoms,2,56.0,142.0,34.5,Low
25,Female,Fever/Cold,3,88.0,106.0,5.3,Low
8,Female,Respiratory Issue,1,68.0,87.0,9.9,Low
14,Female,Injury/Trauma,1,79.0,113.0,25.7,Low
9,Female,Routine Checkup,5,69.0,159.0,35.6,High
87,Female,Respiratory Issue,3,97.0,124.0,43.0,Medium
41,Male,Routine Checkup,5,81.0,,37.3,High
71,Male,Fever/Cold,2,84.0,101.0,1.3,Medium
23,Female,Injury/Trauma,2,86.0,,34.4,Low
79,Male,Respiratory Issue,3,71.0,113.0,41.3,Medium
48,Male,Respiratory Issue,2,79.0,96.0,26.5,Low
25,Female,Fever/Cold,3,77.0,123.0,48.3,Low
90,Male,Cardiac Symptoms,2,84.0,103.0,0.7,Medium
36,Male,Routine Checkup,4,68.0,138.0,41.0,Medium
67,Other,Respiratory Issue,1,64.0,121.0,17.1,Low
49,Female,Chronic Pain,4,92.0,149.0,32.7,High
23,Male,Routine Checkup,3,86.0,86.0,34.8,Low
18,Other,Injury/Trauma,3,62.0,109.0,15.7,Low
99,Female,Fever/Cold,4,103.0,111.0,49.8,High
59,Male,Routine Checkup,1,66.0,129.0,5.6,Low
38,Male,Chronic Pain,1,76.0,111.0,8.3,Low
73,Female,Chronic Pain,5,92.0,154.0,44.7,High
88,Female,Fever/Cold,2,92.0,116.0,6.4,Low
17,Female,Fever/Cold,5,64.0,101.0,19.4,Medium
18,Female,Routine Checkup,1,82.0,116.0,36.8,Low
35,Female,Injury/Trauma,4,70.0,113.0,39.7,Medium
73,Male,Cardiac Symptoms,2,81.0,138.0,47.8,Medium
96,Female,Chronic Pain,4,73.0,111.0,39.6,Medium
54,Male,Fever/Cold,5,68.0,89.0,42.3,High
68,Female,Cardiac Symptoms,3,60.0,123.0,47.5,Low
46,Female,Cardiac Symptoms,4,92.0,106.0,27.9,Medium
48,Male,Cardiac Symptoms,5,63.0,96.0,17.5,High
98,Female,Injury/Trauma,5,97.0,120.0,38.2,High
97,Male,Fever/Cold,5,70.0,117.0,8.6,High
32,Male,Chronic Pain,3,82.0,115.0,3.9,Low
20,Female,Fever/Cold,3,98.0,125.0,39.4,Low
80,Male,Routine Checkup,3,68.0,108.0,47.6,Medium
21,Female,Chronic Pain,2,,122.0,22.4,Low
47,Male,Fever/Cold,3,82.0,108.0,8.5,Low
36,Female,Chronic Pain,3,65.0,136.0,25.1,Medium
14,Female,Routine Checkup,3,78.0,119.0,20.0,Low
34,Female,Respiratory Issue,4,86.0,154.0,18.9,Medium
91,Female,Chronic Pain,3,100.0,110.0,31.6,Medium
70,Female,Respiratory Issue,2,68.0,127.0,9.1,Low
31,Male,Cardiac Symptoms,5,80.0,142.0,19.3,High
10,Male,Injury/Trauma,4,73.0,130.0,43.5,Medium
9,Male,Routine Checkup,1,77.0,122.0,36.6,Low
72,Male,Chronic Pain,3,66.0,126.0,3.3,Medium
77,Female,Routine Checkup,5,72.0,130.0,25.9,High
76,Male,Cardiac Symptoms,5,97.0,125.0,5.0,High
56,Female,Respiratory Issue,4,76.0,119.0,47.9,Medium
24,Female,Injury/Trauma,1,76.0,134.0,12.6,Low
1,Male,Routine Checkup,2,62.0,118.0,46.7,Low
63,Female,Respiratory Issue,5,91.0,100.0,41.8,High
34,Male,Cardiac Symptoms,5,87.0,,27.8,High
6,Female,Cardiac Symptoms,5,76.0,137.0,17.1,High
84,Male,Cardiac Symptoms,5,103.0,101.0,43.0,High
17,Female,Respiratory Issue,4,67.0,115.0,8.1,Medium
66,Female,Chronic Pain,1,59.0,108.0,9.4,Low
41,Male,Fever/Cold,5,73.0,110.0,11.6,High
38,Male,Routine Checkup,2,62.0,137.0,30.1,Low
40,Female,Fever/Cold,2,78.0,113.0,16.1,Medium
74,Male,Cardiac Symptoms,3,76.0,158.0,49.5,High
23,Female,Fever/Cold,5,92.0,84.0,10.2,Medium
59,Female,Respiratory Issue,5,68.0,119.0,40.4,High
45,Male,Cardiac Symptoms,5,79.0,93.0,5.2,High
18,Female,Cardiac Symptoms,5,77.0,126.0,18.0,Medium
67,Female,Injury/Trauma,5,87.0,128.0,12.6,High
89,Female,Injury/Trauma,2,58.0,137.0,48.9,Low
41,Female,Respiratory Issue,1,61.0,95.0,1.8,Low
31,Male,Respiratory Issue,1,66.0,128.0,36.2,Low
38,Male,Fever/Cold,3,58.0,102.0,12.8,Medium
35,Other,Routine Checkup,2,84.0,121.0,40.7,Low
96,Female,Fever/Cold,5,84.0,111.0,15.9,High
35,Male,Respiratory Issue,1,91.0,94.0,9.8,Low
2,Female,Routine Checkup,4,72.0,134.0,34.8,Medium
72,Male,Fever/Cold,4,68.0,114.0,13.3,High
7,Male,Chronic Pain,4,60.0,137.0,24.5,Medium
96,Female,Chronic Pain,5,94.0,138.0,7.0,High
69,Male,Routine Checkup,5,71.0,,36.4,High
40,Female,Injury/Trauma,3,,109.0,20.6,Medium
67,Male,Routine Checkup,3,86.0,101.0,7.5,Low
12,Female,Fever/Cold,3,69.0,144.0,37.2,Medium
48,Male,Cardiac Symptoms,4,58.0,122.0,5.6,Medium
59,Female,Chronic Pain,5,61.0,146.0,29.0,High
1,Female,Cardiac Symptoms,4,76.0,96.0,30.6,Medium
59,Male,Chronic Pain,3,58.0,133.0,46.6,Medium
4,Female,Fever/Cold,5,73.0,120.0,8.0,Medium
43,Male,Chronic Pain,2,62.0,119.0,32.8,Low
26,Male,Routine Checkup,1,60.0,113.0,19.3,Low
31,Female,Cardiac Symptoms,1,67.0,97.0,20.3,Low
20,Male,Respiratory Issue,3,77.0,133.0,25.3,Low
7,Female,Cardiac Symptoms,4,79.0,112.0,12.1,Low
71,Female,Fever/Cold,2,88.0,124.0,23.3,Low
49,Female,Respiratory Issue,5,63.0,158.0,34.5,High
66,Male,Cardiac Symptoms,4,95.0,109.0,23.1,High
43,Male,Fever/Cold,3,115.0,114.0,2.6,Medium
57,Male,Injury/Trauma,4,68.0,116.0,13.3,High
2,Female,Routine Checkup,3,48.0,112.0,17.9,Low
85,Female,Chronic Pain,1,48.0,112.0,18.1,Medium
69,Female,Chronic Pain,1,67.0,133.0,4.5,Low
1,Male,Chronic Pain,4,64.0,146.0,22.8,Medium
86,Male,Injury/Trauma,2,75.0,122.0,34.8,Low
43,Male,Routine Checkup,5,82.0,134.0,2.9,High
1,Male,Cardiac Symptoms,3,55.0,116.0,37.7,Low
80,Male,Cardiac Symptoms,5,72.0,116.0,47.8,High
34,Male,Routine Checkup,1,67.0,112.0,1.0,Low
97,Male,Respiratory Issue,2,105.0,104.0,10.1,Medium
86,Male,Routine Checkup,2,54.0,144.0,27.4,Low
29,Male,Chronic Pain,5,63.0,109.0,11.3,High
7,Male,Cardiac Symptoms,1,75.0,,38.3,Low
21,Male,Routine Checkup,5,,103.0,16.0,High
43,Male,Cardiac Symptoms,4,91.0,120.0,15.0,Medium
57,Female,Routine Checkup,2,59.0,,0.5,Low
35,Male,Fever/Cold,2,61.0,103.0,13.9,Low
68,Male,Chronic Pain,4,93.0,113.0,11.3,High
76,Male,Routine Checkup,1,57.0,98.0,17.5,Low
92,Male,Injury/Trauma,2,87.0,120.0,7.8,Low
30,Male,Routine Checkup,3,68.0,84.0,29.9,Low
46,Male,Fever/Cold,3,65.0,118.0,12.3,Low
54,Female,Injury/Trauma,1,67.0,133.0,41.7,Low
79,Male,Injury/Trauma,4,58.0,119.0,14.6,High
61,Male,Routine Checkup,5,88.0,105.0,10.9,High
29,Female,Fever/Cold,1,77.0,107.0,3.3,Low
54,Male,Injury/Trauma,5,88.0,144.0,37.1,High
15,Male,Chronic Pain,1,92.0,123.0,25.7,Low
11,Female,Respiratory Issue,3,83.0,,6.1,Medium
16,Female,Chronic Pain,4,53.0,138.0,11.5,Medium
15,Male,Cardiac Symptoms,3,60.0,111.0,49.9,Medium
11,Female,Cardiac Symptoms,4,87.0,99.0,40.4,Medium
7,Male,Fever/Cold,5,75.0,132.0,17.8,High
83,Male,Injury/Trauma,1,84.0,,27.4,Low
2,Female,Chronic Pain,2,73.0,108.0,21.1,Low
15,Male,Chronic Pain,2,68.0,122.0,2.3,Low
29,Male,Respiratory Issue,4,84.0,114.0,39.0,Medium
22,Female,Fever/Cold,4,49.0,73.0,36.0,Medium
91,Female,Injury/Trauma,3,70.0,95.0,20.7,Medium
4,Male,Fever/Cold,2,75.0,140.0,42.4,Low
83,Female,Routine Checkup,3,78.0,118.0,27.0,Medium
64,Male,Chronic Pain,5,55.0,134.0,3.7,High
29,Female,Fever/Cold,2,56.0,103.0,13.3,Low
20,Male,Fever/Cold,5,69.0,97.0,23.4,High
83,Male,Respiratory Issue,1,74.0,134.0,5.6,Low
69,Male,Routine Checkup,3,98.0,145.0,28.8,Medium
21,Male,Cardiac Symptoms,4,61.0,102.0,6.5,Low
81,Male,Chronic Pain,2,67.0,140.0,10.4,Low
71,Female,Respiratory Issue,3,98.0,100.0,44.8,Medium
31,Female,Fever/Cold,4,90.0,87.0,50.0,Medium
32,Male,Chronic Pain,1,58.0,131.0,27.7,Low
15,Male,Cardiac Symptoms,2,85.0,100.0,31.2,Low
75,Male,Fever/Cold,5,87.0,95.0,40.0,High
37,Female,Routine Checkup,1,77.0,96.0,35.0,Low
97,Female,Chronic Pain,4,57.0,113.0,9.5,High
13,Female,Respiratory Issue,2,66.0,85.0,20.9,Low
35,Female,Routine Checkup,2,65.0,131.0,27.0,Low
96,Male,Cardiac Symptoms,1,82.0,129.0,18.3,Medium
22,Male,Cardiac Symptoms,2,68.0,129.0,9.2,Low
65,Female,Chronic Pain,4,71.0,144.0,36.9,High
84,Female,Cardiac Symptoms,1,65.0,,10.3,Low
1,Male,Injury/Trauma,5,51.0,,13.4,High
90,Male,Respiratory Issue,1,113.0,133.0,14.7,Medium
72,Female,Chronic Pain,1,81.0,142.0,8.5,Low
64,Male,Injury/Trauma,5,97.0,136.0,42.6,High
74,Male,Cardiac Symptoms,4,58.0,137.0,30.7,High
66,Female,Chronic Pain,3,97.0,116.0,41.8,Medium
51,Male,Injury/Trauma,3,69.0,107.0,24.9,Medium
61,Male,Cardiac Symptoms,5,82.0,,26.2,High
22,Female,Fever/Cold,4,89.0,106.0,31.0,Medium
25,Female,Fever/Cold,2,97.0,140.0,18.9,Low
67,Other,Routine Checkup,5,74.0,123.0,25.1,High
81,Male,Fever/Cold,3,59.0,136.0,27.6,Medium
54,Male,Injury/Trauma,4,74.0,91.0,47.7,Medium
5,Female,Respiratory Issue,1,83.0,111.0,44.2,Low
34,Female,Fever/Cold,4,66.0,99.0,6.9,High
21,Male,Chronic Pain,4,68.0,87.0,2.5,Medium
42,Female,Chronic Pain,3,51.0,125.0,34.2,Medium
14,Male,Chronic Pain,3,60.0,,2.9,Low
85,Male,Fever/Cold,2,81.0,112.0,3.5,Medium
59,Male,Fever/Cold,2,88.0,100.0,8.4,Low
11,Male,Routine Checkup,5,91.0,111.0,17.9,Medium
48,Male,Respiratory Issue,1,109.0,131.0,22.0,Low
41,Female,Respiratory Issue,2,,100.0,26.2,Low
37,Female,Cardiac Symptoms,3,72.0,110.0,49.6,Medium
81,Female,Routine Checkup,4,60.0,130.0,19.6,Medium
44,Male,Injury/Trauma,5,71.0,133.0,12.5,High
34,Male,Chronic Pain,2,66.0,112.0,29.0,Low
29,Male,Fever/Cold,4,77.0,125.0,11.1,Medium
87,Male,Cardiac Symptoms,4,88.0,136.0,47.1,High
29,Female,Cardiac Symptoms,2,82.0,98.0,13.3,Low
77,Female,Fever/Cold,1,98.0,105.0,49.5,Low
5,Female,Routine Checkup,1,80.0,112.0,21.2,Low
66,Male,Cardiac Symptoms,5,55.0,128.0,40.7,High
79,Male,Respiratory Issue,1,66.0,123.0,32.6,Low
6,Female,Routine Checkup,5,81.0,121.0,46.7,Medium
51,Male,Fever/Cold,3,78.0,99.0,31.5,Medium
13,Female,Routine Checkup,2,94.0,137.0,29.3,Medium
72,Other,Respiratory Issue,4,75.0,110.0,32.8,Medium
14,Male,Chronic Pain,5,72.0,114.0,39.4,Medium
20,Female,Fever/Cold,1,51.0,123.0,45.0,Low
34,Female,Respiratory Issue,5,62.0,159.0,13.7,High
65,Male,Fever/Cold,5,79.0,107.0,10.4,High
90,Female,Respiratory Issue,1,78.0,106.0,2.2,Low
1,Male,Respiratory Issue,1,83.0,112.0,18.8,Low
34,Male,Cardiac Symptoms,2,81.0,143.0,42.4,Low
81,Female,Cardiac Symptoms,4,73.0,122.0,4.0,Medium
77,Female,Cardiac Symptoms,2,59.0,127.0,27.2,Low
19,Male,Chronic Pain,2,75.0,136.0,34.9,Low
81,Male,Chronic Pain,1,74.0,142.0,41.9,Low
9,Female,Respiratory Issue,1,95.0,106.0,29.4,Low
24,Female,Injury/Trauma,4,94.0,130.0,9.7,Medium
65,Female,Fever/Cold,5,67.0,,48.2,High
24,Male,Cardiac Symptoms,2,65.0,124.0,5.2,Low
53,Female,Fever/Cold,4,54.0,103.0,38.6,Medium
32,Male,Respiratory Issue,2,72.0,99.0,4.8,Low
35,Female,Routine Checkup,5,67.0,,7.6,Medium
94,Male,Respiratory Issue,2,114.0,96.0,45.0,Medium
13,Female,Chronic Pain,3,58.0,103.0,37.8,Low
64,Male,Injury/Trauma,4,75.0,110.0,18.6,Medium
79,Male,Routine Checkup,1,65.0,125.0,32.1,Low
53,Male,Fever/Cold,2,75.0,131.0,23.1,Low
51,Male,Chronic Pain,4,69.0,105.0,3.8,Medium
2,Female,Cardiac Symptoms,4,87.0,94.0,36.2,Medium
98,Female,Routine Checkup,2,81.0,136.0,38.3,Low
40,Female,Chronic Pain,1,86.0,133.0,44.2,Low
5,Male,Fever/Cold,1,63.0,129.0,27.3,Low
24,Female,Respiratory Issue,2,91.0,127.0,33.8,Low
12,Female,Fever/Cold,4,67.0,112.0,22.2,Low
97,Male,Routine Checkup,1,53.0,,16.3,Low
7,Male,Routine Checkup,2,72.0,121.0,20.9,Low
20,Female,Respiratory Issue,2,76.0,103.0,45.6,Medium
97,Female,Routine Checkup,2,56.0,127.0,8.6,Medium
67,Female,Injury/Trauma,4,88.0,122.0,12.8,Medium
24,Male,Cardiac Symptoms,1,62.0,117.0,30.5,Low
78,Female,Chronic Pain,4,62.0,138.0,6.3,High
67,Male,Respiratory Issue,3,74.0,117.0,44.6,Medium
44,Female,Fever/Cold,1,87.0,133.0,2.8,Low
59,Female,Fever/Cold,4,56.0,96.0,37.9,Medium
11,Male,Cardiac Symptoms,1,89.0,136.0,19.0,Low
31,Female,Routine Checkup,3,42.0,132.0,3.0,Medium
95,Male,Routine Checkup,5,79.0,163.0,42.2,High
91,Other,Fever/Cold,2,58.0,152.0,32.2,Medium
12,Male,Cardiac Symptoms,4,63.0,,0.9,Medium
30,Male,Fever/Cold,3,101.0,109.0,13.7,Medium
77,Male,Routine Checkup,3,60.0,102.0,17.9,Medium
19,Male,Respiratory Issue,1,74.0,105.0,16.5,Low
17,Male,Chronic Pain,1,58.0,130.0,25.2,Low
92,Female,Routine Checkup,2,86.0,145.0,26.6,Medium
59,Female,Respiratory Issue,1,81.0,95.0,20.1,Low
62,Female,Chronic Pain,4,83.0,103.0,16.9,Medium
5,Male,Injury/Trauma,4,91.0,120.0,25.5,Medium
31,Female,Cardiac Symptoms,4,69.0,97.0,2.2,Low
92,Male,Respiratory Issue,5,91.0,,32.4,High
42,Female,Injury/Trauma,4,97.0,,30.5,High
1,Male,Routine Checkup,1,79.0,134.0,14.3,Low
59,Female,Cardiac Symptoms,1,58.0,136.0,9.4,Low
22,Female,Respiratory Issue,4,56.0,100.0,4.1,Medium
82,Female,Routine Checkup,3,81.0,85.0,29.6,Medium
30,Male,Cardiac Symptoms,3,58.0,111.0,28.7,Medium
4,Male,Cardiac Symptoms,3,54.0,73.0,26.9,Low
82,Male,Routine Checkup,2,88.0,129.0,49.3,Low
33,Female,Routine Checkup,5,68.0,134.0,26.8,High
9,Female,Respiratory Issue,4,111.0,104.0,36.2,High
88,Male,Cardiac Symptoms,2,65.0,,6.1,Low
1,Female,Respiratory Issue,3,67.0,131.0,15.3,Low
10,Female,Cardiac Symptoms,4,80.0,97.0,14.1,Medium
49,Female,Respiratory Issue,2,78.0,112.0,29.0,Low
30,Male,Routine Checkup,1,73.0,110.0,16.9,Low
55,Male,Routine Checkup,3,,138.0,32.2,Medium
78,Male,Fever/Cold,2,123.0,134.0,34.7,Medium
72,Female,Respiratory Issue,1,99.0,131.0,2.2,Low
86,Male,Fever/Cold,3,87.0,108.0,32.2,Medium
82,Female,Fever/Cold,5,56.0,147.0,6.3,High
8,Female,Injury/Trauma,3,73.0,123.0,23.5,Low
98,Female,Cardiac Symptoms,5,84.0,129.0,36.5,High
20,Female,Chronic Pain,5,86.0,154.0,35.3,High
72,Male,Injury/Trauma,5,94.0,133.0,15.3,Medium
27,Male,Cardiac Symptoms,4,65.0,,14.0,Medium
61,Female,Chronic Pain,4,74.0,110.0,22.3,Medium
6,Male,Fever/Cold,5,63.0,85.0,9.8,Medium
79,Male,Chronic Pain,1,95.0,,48.7,Low
15,Male,Routine Checkup,5,85.0,137.0,17.6,High
96,Male,Routine Checkup,2,67.0,80.0,46.2,Medium
3,Male,Respiratory Issue,5,78.0,140.0,45.5,Medium
3,Female,Cardiac Symptoms,4,75.0,136.0,18.6,Medium
39,Female,Injury/Trauma,4,61.0,102.0,13.1,Medium
16,Female,Fever/Cold,2,88.0,123.0,38.7,Low
51,Male,Cardiac Symptoms,2,76.0,131.0,11.9,Low
92,Male,Fever/Cold,3,67.0,121.0,26.3,Medium
51,Male,Routine Checkup,1,61.0,144.0,6.0,Low
35,Female,Injury/Trauma,1,87.0,92.0,19.6,Low
37,Male,Injury/Trauma,1,79.0,130.0,4.4,Low
49,Female,Routine Checkup,4,64.0,,14.5,Medium
62,Female,Chronic Pain,1,67.0,85.0,33.4,Low
62,Male,Injury/Trauma,3,75.0,96.0,49.6,Medium
61,Male,Chronic Pain,3,75.0,109.0,13.1,Medium
98,Female,Fever/Cold,1,77.0,120.0,23.9,Low
6,Female,Injury/Trauma,2,48.0,101.0,22.7,Low
26,Male,Respiratory Issue,3,76.0,109.0,9.6,Low
91,Male,Routine Checkup,2,56.0,112.0,30.7,Medium
85,Female,Chronic Pain,4,96.0,102.0,36.4,Medium
13,Male,Respiratory Issue,3,90.0,108.0,7.8,Low
70,Male,Fever/Cold,2,92.0,131.0,38.0,Low
85,Male,Fever/Cold,1,38.0,152.0,35.2,Low
4,Female,Injury/Trauma,4,70.0,124.0,10.3,Medium
54,Male,Injury/Trauma,5,73.0,122.0,32.6,High
1,Male,Respiratory Issue,5,83.0,118.0,20.0,Medium
61,Male,Cardiac Symptoms,1,88.0,112.0,34.2,Low
90,Female,Cardiac Symptoms,4,94.0,131.0,25.1,Medium
20,Other,Injury/Trauma,4,40.0,139.0,2.9,Low
78,Female,Cardiac Symptoms,4,62.0,96.0,39.5,Medium
20,Female,Routine Checkup,4,75.0,140.0,28.0,Medium
9,Female,Respiratory Issue,5,87.0,152.0,36.4,High
86,Male,Routine Checkup,2,87.0,99.0,6.7,Low
57,Male,Cardiac Symptoms,4,82.0,138.0,36.2,Medium
38,Female,Injury/Trauma,2,65.0,152.0,21.0,Low
4,Male,Routine Checkup,4,67.0,134.0,40.1,Low
64,Male,Fever/Cold,3,65.0,116.0,30.2,Medium
12,Female,Injury/Trauma,3,60.0,,18.1,Low
84,Male,Respiratory Issue,3,60.0,103.0,10.5,Medium
89,Male,Chronic Pain,4,58.0,113.0,40.9,Medium
84,Other,Chronic Pain,2,80.0,,28.2,Low
52,Female,Injury/Trauma,5,76.0,93.0,49.4,High
81,Male,Cardiac Symptoms,1,61.0,120.0,19.0,Low
44,Other,Routine Checkup,5,49.0,126.0,34.4,High
31,Female,Routine Checkup,4,69.0,133.0,31.3,Medium
35,Female,Injury/Trauma,3,97.0,30.0,32.1,Medium
80,Male,Fever/Cold,3,,123.0,37.0,Medium
98,Male,Respiratory Issue,2,87.0,121.0,7.4,Medium
59,Female,Cardiac Symptoms,4,77.0,98.0,27.7,Medium
10,Female,Fever/Cold,5,74.0,111.0,25.7,Medium
62,Female,Injury/Trauma,4,52.0,135.0,17.5,Medium
20,Male,Injury/Trauma,4,68.0,,22.1,Medium
51,Male,Fever/Cold,3,66.0,119.0,26.2,Medium
54,Female,Chronic Pain,5,97.0,137.0,16.4,High
25,Male,Injury/Trauma,1,,166.0,15.0,Low
67,Female,Respiratory Issue,3,94.0,115.0,37.0,Medium
33,Male,Cardiac Symptoms,5,91.0,124.0,3.8,Medium
51,Male,Fever/Cold,2,62.0,102.0,16.0,Low
81,Female,Chronic Pain,3,75.0,162.0,32.9,High
98,Female,Fever/Cold,2,100.0,109.0,10.8,Medium
92,Male,Chronic Pain,3,83.0,83.0,28.8,High
51,Male,Chronic Pain,4,82.0,132.0,15.5,Medium
28,Female,Respiratory Issue,5,88.0,87.0,42.2,High
37,Male,Cardiac Symptoms,2,82.0,145.0,17.8,Medium
41,Female,Injury/Trauma,3,83.0,,11.9,Medium
20,Female,Chronic Pain,2,79.0,99.0,26.7,Low
41,Male,Injury/Trauma,3,69.0,133.0,7.2,Medium
12,Female,Cardiac Symptoms,3,59.0,113.0,40.0,Low
63,Male,Injury/Trauma,1,47.0,128.0,34.2,Low
16,Female,Respiratory Issue,1,70.0,94.0,38.6,Low
8,Male,Respiratory Issue,1,81.0,93.0,20.2,Low
40,Female,Routine Checkup,2,78.0,126.0,41.8,Low
0,Male,Respiratory Issue,4,84.0,157.0,24.9,High
1,Male,Chronic Pain,3,73.0,107.0,5.2,Low
59,Other,Cardiac Symptoms,5,115.0,105.0,11.6,High
47,Female,Respiratory Issue,1,105.0,113.0,35.7,Low
28,Female,Fever/Cold,2,52.0,93.0,44.9,Low
96,Male,Cardiac Symptoms,2,84.0,131.0,5.2,Low
9,Female,Chronic Pain,2,89.0,138.0,43.3,Low
57,Male,Cardiac Symptoms,5,43.0,129.0,40.1,High
59,Male,Respiratory Issue,5,,116.0,18.1,Medium
20,Female,Fever/Cold,1,82.0,99.0,34.6,Low
27,Male,Routine Checkup,5,74.0,161.0,9.8,High
74,Female,Chronic Pain,1,80.0,102.0,40.8,Low
33,Female,Chronic Pain,5,76.0,,33.0,High
7,Female,Cardiac Symptoms,5,85.0,84.0,22.2,Medium
58,Female,Injury/Trauma,5,98.0,91.0,43.3,High
85,Female,Injury/Trauma,1,86.0,126.0,7.4,Low
71,Male,Fever/Cold,3,92.0,111.0,42.4,Medium
48,Female,Routine Checkup,1,59.0,102.0,1.7,Low
78,Male,Routine Checkup,3,105.0,104.0,37.8,Medium
16,Male,Cardiac Symptoms,2,79.0,,28.9,Low
59,Female,Cardiac Symptoms,2,,,35.0,Low
86,Female,Injury/Trauma,1,81.0,148.0,20.9,Medium
87,Female,Respiratory Issue,3,66.0,112.0,43.3,Medium
44,Male,Routine Checkup,3,77.0,122.0,16.0,Medium
82,Female,Respiratory Issue,3,79.0,121.0,14.1,Medium
68,Male,Routine Checkup,2,64.0,121.0,15.4,Low
31,Female,Respiratory Issue,1,77.0,112.0,38.8,Low
43,Female,Respiratory Issue,4,64.0,110.0,25.0,High
64,Female,Routine Checkup,3,64.0,132.0,27.1,Medium
86,Male,Fever/Cold,3,59.0,124.0,41.7,Medium
7,Male,Fever/Cold,4,69.0,104.0,41.8,Medium
76,Male,Cardiac Symptoms,1,66.0,62.0,8.5,Low
71,Female,Respiratory Issue,3,82.0,107.0,27.7,Medium
86,Female,Respiratory Issue,1,91.0,92.0,6.7,Low
42,Male,Respiratory Issue,3,84.0,101.0,43.5,Low
0,Female,Respiratory Issue,5,89.0,93.0,41.9,Medium
50,Female,Respiratory Issue,3,88.0,143.0,42.5,Medium
23,Female,Injury/Trauma,5,61.0,143.0,35.4,High
98,Female,Chronic Pain,1,69.0,135.0,23.6,Low
23,Female,Respiratory Issue,3,101.0,113.0,20.5,Low
16,Male,Injury/Trauma,2,66.0,106.0,20.1,Low
4,Male,Fever/Cold,2,102.0,90.0,3.8,Low
19,Male,Respiratory Issue,4,68.0,138.0,47.5,Medium
20,Female,Fever/Cold,2,44.0,137.0,22.8,Low
57,Female,Cardiac Symptoms,5,71.0,129.0,46.5,High
30,Female,Chronic Pain,2,87.0,97.0,44.0,Low
99,Male,Routine Checkup,2,99.0,113.0,41.5,Medium
10,Male,Chronic Pain,2,52.0,117.0,29.6,Low
51,Male,Respiratory Issue,3,87.0,84.0,5.5,Medium
14,Male,Respiratory Issue,4,88.0,148.0,16.5,Medium
82,Female,Chronic Pain,1,94.0,92.0,30.4,Low
6,Female,Chronic Pain,4,34.0,104.0,1.2,Medium
27,Female,Cardiac Symptoms,5,99.0,84.0,2.6,High
50,Female,Fever/Cold,3,81.0,115.0,34.0,Medium
57,Male,Routine Checkup,3,,115.0,44.5,Low
4,Male,Chronic Pain,2,90.0,139.0,42.8,Low
4,Male,Routine Checkup,2,44.0,101.0,8.8,Low
93,Female,Chronic Pain,5,90.0,98.0,45.6,High
95,Female,Fever/Cold,3,110.0,121.0,35.0,High
7,Male,Routine Checkup,1,54.0,78.0,36.0,Low
63,Male,Injury/Trauma,4,74.0,146.0,15.6,High
9,Male,Fever/Cold,3,75.0,93.0,35.9,Low
37,Male,Routine Checkup,1,80.0,156.0,35.6,Low
95,Male,Chronic Pain,1,81.0,104.0,29.9,Low
91,Male,Chronic Pain,4,64.0,91.0,18.2,Medium
80,Male,Fever/Cold,1,75.0,131.0,40.6,Low
94,Female,Fever/Cold,5,101.0,130.0,46.9,High
7,Female,Chronic Pain,1,81.0,130.0,43.6,Low
24,Male,Routine Checkup,5,80.0,122.0,12.5,Medium
72,Male,Injury/Trauma,1,64.0,164.0,22.6,Low
65,Male,Cardiac Symptoms,2,95.0,93.0,17.4,Low
78,Male,Fever/Cold,1,71.0,147.0,35.5,Low
49,Male,Chronic Pain,5,44.0,87.0,41.7,Medium
66,Female,Routine Checkup,1,81.0,153.0,11.2,Low
48,Female,Fever/Cold,1,85.0,127.0,47.4,Low
35,Female,Routine Checkup,1,70.0,151.0,34.0,Medium
67,Male,Fever/Cold,5,41.0,137.0,11.3,High
77,Female,Chronic Pain,1,58.0,76.0,18.9,Low
40,Male,Routine Checkup,4,73.0,113.0,5.7,Medium
88,Male,Chronic Pain,4,69.0,94.0,30.1,High
61,Female,Routine Checkup,5,81.0,149.0,8.9,High
9,Female,Fever/Cold,2,,136.0,34.8,Low
20,Female,Cardiac Symptoms,4,68.0,123.0,37.0,High
35,Female,Cardiac Symptoms,3,54.0,,24.2,Medium
11,Female,Injury/Trauma,4,96.0,128.0,5.1,Medium
90,Female,Injury/Trauma,3,83.0,100.0,30.7,High
1,Female,Respiratory Issue,5,85.0,,18.9,Medium
12,Female,Chronic Pain,2,80.0,117.0,47.5,Low
52,Female,Routine Checkup,3,91.0,103.0,25.9,Medium
31,Female,Injury/Trauma,3,69.0,133.0,4.1,Low
94,Female,Fever/Cold,4,87.0,157.0,32.0,High
15,Male,Cardiac Symptoms,3,85.0,91.0,39.1,Low
31,Female,Routine Checkup,5,84.0,138.0,8.4,High
31,Male,Respiratory Issue,5,57.0,103.0,22.7,Medium
97,Male,Cardiac Symptoms,5,77.0,131.0,37.3,High
10,Male,Routine Checkup,4,80.0,107.0,1.5,Low
9,Female,Injury/Trauma,2,101.0,114.0,1.9,Low
14,Female,Injury/Trauma,4,76.0,115.0,34.0,Low
16,Male,Chronic Pain,5,91.0,147.0,36.4,High
39,Male,Respiratory Issue,4,52.0,118.0,42.4,Medium
17,Male,Routine Checkup,5,64.0,113.0,20.3,High
54,Female,Respiratory Issue,1,81.0,118.0,19.8,Low
72,Male,Fever/Cold,1,81.0,157.0,27.8,Medium
24,Male,Respiratory Issue,3,64.0,131.0,38.0,Low
58,Male,Injury/Trauma,2,89.0,107.0,32.2,Low
77,Female,Chronic Pain,1,72.0,149.0,16.7,Low
88,Male,Injury/Trauma,5,72.0,123.0,17.7,High
21,Female,Cardiac Symptoms,4,73.0,102.0,38.3,Medium
29,Male,Injury/Trauma,4,95.0,127.0,27.0,Medium
83,Female,Routine Checkup,3,91.0,116.0,5.3,Medium
84,Male,Chronic Pain,4,103.0,52.0,8.1,Medium
43,Female,Routine Checkup,1,83.0,126.0,42.6,Low
31,Male,Fever/Cold,4,103.0,98.0,49.9,Medium
50,Female,Fever/Cold,1,78.0,94.0,17.1,Low
45,Female,Injury/Trauma,1,73.0,81.0,19.6,Low
20,Female,Chronic Pain,2,68.0,122.0,8.1,Low
98,Female,Respiratory Issue,3,72.0,117.0,12.2,Medium
31,Male,Chronic Pain,5,73.0,138.0,21.5,Medium
93,Female,Chronic Pain,1,64.0,104.0,14.6,Low
38,Female,Chronic Pain,3,66.0,110.0,35.2,Low
11,Male,Injury/Trauma,5,84.0,,27.1,High
46,Female,Routine Checkup,4,67.0,,41.2,Medium
17,Male,Injury/Trauma,3,49.0,144.0,36.4,Medium
20,Male,Respiratory Issue,3,48.0,104.0,6.8,Medium
12,Male,Routine Checkup,3,43.0,182.0,6.6,Low
20,Male,Respiratory Issue,4,53.0,134.0,44.8,Medium
7,Female,Cardiac Symptoms,4,57.0,107.0,41.1,Medium
45,Male,Cardiac Symptoms,3,60.0,92.0,23.7,Low
6,Male,Routine Checkup,2,79.0,128.0,7.0,Low
22,Male,Injury/Trauma,1,55.0,81.0,45.0,Low
95,Female,Respiratory Issue,4,61.0,133.0,11.9,High
74,Female,Respiratory Issue,2,47.0,92.0,2.3,Medium
85,Male,Fever/Cold,4,65.0,100.0,46.2,High
21,Male,Respiratory Issue,3,85.0,63.0,40.5,Low
88,Male,Injury/Trauma,2,74.0,122.0,34.8,Medium
21,Female,Fever/Cold,5,76.0,125.0,2.2,Medium
91,Female,Injury/Trauma,1,74.0,120.0,26.7,Low
28,Male,Chronic Pain,1,55.0,85.0,32.9,Low
12,Male,Respiratory Issue,4,68.0,148.0,38.1,High
81,Female,Chronic Pain,1,78.0,116.0,23.8,Low
1,Female,Cardiac Symptoms,5,89.0,109.0,47.7,Medium
28,Male,Cardiac Symptoms,2,80.0,136.0,12.6,Low
84,Male,Routine Checkup,2,88.0,111.0,4.0,Low
78,Male,Respiratory Issue,3,58.0,128.0,17.0,Medium
51,Female,Fever/Cold,2,52.0,104.0,33.3,Medium
26,Female,Chronic Pain,4,48.0,136.0,37.0,Medium
49,Female,Injury/Trauma,5,87.0,,37.1,High
94,Female,Respiratory Issue,3,53.0,110.0,6.0,Medium
78,Male,Routine Checkup,4,90.0,,44.3,High
22,Female,Injury/Trauma,4,68.0,119.0,14.4,Medium
87,Female,Chronic Pain,4,100.0,117.0,10.9,High
43,Male,Respiratory Issue,1,68.0,96.0,30.9,Low
76,Female,Chronic Pain,4,69.0,99.0,11.0,High
21,Male,Respiratory Issue,1,76.0,112.0,25.6,Low
42,Male,Respiratory Issue,2,68.0,121.0,20.6,Low
36,Female,Chronic Pain,1,81.0,102.0,12.0,Low
60,Female,Chronic Pain,4,59.0,120.0,15.0,High
96,Female,Injury/Trauma,5,77.0,74.0,21.7,High
55,Male,Routine Checkup,5,63.0,120.0,17.6,High
2,Female,Chronic Pain,2,71.0,121.0,19.4,Low
62,Female,Cardiac Symptoms,4,54.0,,36.9,High
18,Male,Routine Checkup,1,88.0,148.0,8.8,Low
22,Other,Cardiac Symptoms,5,69.0,133.0,31.6,Medium
28,Female,Injury/Trauma,3,88.0,155.0,34.1,Medium
29,Male,Chronic Pain,4,63.0,119.0,40.2,Medium
38,Female,Routine Checkup,4,74.0,120.0,42.4,Medium
24,Male,Chronic Pain,3,88.0,136.0,8.4,Medium
7,Male,Respiratory Issue,5,57.0,117.0,7.3,High
57,Male,Chronic Pain,3,61.0,113.0,30.9,Medium
15,Other,Routine Checkup,2,87.0,147.0,38.0,Low
71,Male,Chronic Pain,1,,134.0,14.0,Low
0,Female,Chronic Pain,1,75.0,133.0,26.5,Low
4,Male,Fever/Cold,5,60.0,102.0,38.7,Medium
2,Female,Fever/Cold,3,70.0,138.0,38.5,Low
64,Female,Routine Checkup,4,104.0,121.0,32.9,High
3,Female,Routine Checkup,4,54.0,100.0,4.4,Medium
98,Male,Respiratory Issue,4,82.0,133.0,3.0,High
95,Female,Respiratory Issue,2,76.0,96.0,19.7,Low
63,Other,Chronic Pain,2,57.0,71.0,1.8,Low
97,Female,Cardiac Symptoms,4,70.0,83.0,45.3,Medium
88,Female,Routine Checkup,5,47.0,115.0,1.5,High
9,Female,Chronic Pain,2,79.0,150.0,2.0,Low
20,Male,Cardiac Symptoms,2,81.0,126.0,8.7,Low
45,Female,Fever/Cold,1,54.0,117.0,31.5,Low
90,Female,Respiratory Issue,1,83.0,146.0,27.3,Medium
26,Male,Routine Checkup,5,65.0,130.0,33.1,High
65,Male,Chronic Pain,2,63.0,140.0,44.7,Low
40,Male,Fever/Cold,2,,139.0,23.0,Low
12,Female,Injury/Trauma,3,84.0,113.0,2.7,Medium
8,Female,Fever/Cold,5,49.0,115.0,38.3,Medium
35,Male,Chronic Pain,5,51.0,103.0,40.7,High
85,Male,Respiratory Issue,3,66.0,136.0,3.0,High
89,Male,Cardiac Symptoms,3,66.0,95.0,12.5,Medium
57,Male,Injury/Trauma,1,84.0,102.0,38.6,Low
53,Male,Injury/Trauma,5,73.0,118.0,19.1,Medium
11,Female,Respiratory Issue,5,73.0,122.0,23.9,Medium
80,Male,Injury/Trauma,3,50.0,131.0,41.2,Medium
77,Female,Routine Checkup,4,71.0,,5.2,Medium
13,Female,Chronic Pain,4,38.0,112.0,34.0,Medium
33,Male,Injury/Trauma,1,78.0,134.0,11.1,Low
52,Female,Fever/Cold,4,85.0,138.0,3.6,High
19,Female,Cardiac Symptoms,4,63.0,86.0,33.3,Medium
74,Female,Chronic Pain,4,80.0,141.0,6.5,High
15,Male,Respiratory Issue,2,68.0,113.0,37.5,Low
94,Male,Fever/Cold,1,93.0,151.0,10.5,Medium
69,Male,Routine Checkup,3,78.0,106.0,2.9,Medium
55,Male,Injury/Trauma,4,59.0,100.0,5.4,Medium
82,Male,Fever/Cold,2,92.0,132.0,42.1,Medium
57,Male,Chronic Pain,4,87.0,162.0,18.9,High
3,Male,Fever/Cold,2,68.0,87.0,15.5,Low
3,Male,Routine Checkup,1,82.0,136.0,24.8,Low
19,Male,Cardiac Symptoms,4,82.0,131.0,31.8,Medium
9,Male,Injury/Trauma,2,68.0,119.0,2.3,Low
23,Other,Chronic Pain,5,75.0,161.0,45.0,High
98,Male,Injury/Trauma,5,78.0,81.0,47.9,High
25,Female,Injury/Trauma,2,64.0,142.0,21.2,Low
36,Male,Respiratory Issue,4,95.0,139.0,20.9,Low
84,Female,Injury/Trauma,4,45.0,143.0,44.0,High
53,Male,Fever/Cold,1,85.0,141.0,21.8,Low
20,Female,Fever/Cold,1,56.0,124.0,42.9,Low
73,Female,Cardiac Symptoms,3,71.0,113.0,1.9,Medium
37,Male,Routine Checkup,1,51.0,107.0,24.7,Low
45,Female,Chronic Pain,4,55.0,131.0,47.6,High
3,Female,Fever/Cold,3,73.0,,13.0,Low
59,Male,Injury/Trauma,1,76.0,115.0,13.7,Low
56,Female,Routine Checkup,2,90.0,108.0,31.7,Low
44,Female,Chronic Pain,5,69.0,111.0,46.3,High
19,Female,Chronic Pain,1,84.0,135.0,10.3,Low
16,Male,Chronic Pain,1,74.0,120.0,46.1,Low
70,Female,Chronic Pain,2,83.0,,33.3,Medium
3,Female,Cardiac Symptoms,4,,92.0,49.7,Medium
92,Female,Chronic Pain,2,76.0,132.0,37.0,Medium
13,Female,Routine Checkup,1,80.0,99.0,33.6,Low
2,Male,Fever/Cold,4,67.0,144.0,40.8,Medium
87,Female,Routine Checkup,3,,144.0,9.2,Medium
79,Male,Injury/Trauma,1,82.0,91.0,47.3,Low
57,Male,Respiratory Issue,2,67.0,104.0,8.7,Low
54,Female,Cardiac Symptoms,3,86.0,105.0,1.8,Medium
3,Female,Cardiac Symptoms,5,40.0,145.0,35.0,High
23,Male,Injury/Trauma,3,46.0,108.0,9.6,Medium
33,Female,Routine Checkup,2,59.0,133.0,38.1,Low
29,Male,Routine Checkup,3,79.0,106.0,39.9,Low
81,Male,Injury/Trauma,2,63.0,141.0,12.2,Medium
18,Female,Respiratory Issue,1,54.0,143.0,4.8,Low
30,Male,Chronic Pain,4,73.0,153.0,25.3,High
59,Male,Chronic Pain,5,76.0,116.0,44.6,High
59,Male,Fever/Cold,4,65.0,120.0,42.4,High
18,Female,Routine Checkup,4,57.0,117.0,6.3,Low
48,Male,Routine Checkup,4,75.0,120.0,48.3,Medium
62,Male,Injury/Trauma,2,86.0,111.0,13.6,Low
82,Female,Injury/Trauma,2,56.0,141.0,17.8,Medium
21,Female,Chronic Pain,5,98.0,,7.9,Medium
23,Male,Routine Checkup,2,66.0,117.0,19.2,Low
75,Female,Routine Checkup,2,65.0,123.0,32.0,Low
29,Male,Cardiac Symptoms,2,77.0,129.0,25.6,Low
57,Female,Fever/Cold,2,76.0,96.0,41.5,Low
30,Male,Fever/Cold,1,41.0,115.0,32.2,Low
99,Male,Chronic Pain,5,73.0,120.0,13.5,High
63,Male,Respiratory Issue,2,83.0,136.0,28.1,Medium
18,Male,Routine Checkup,5,90.0,115.0,3.7,High
47,Female,Cardiac Symptoms,3,73.0,117.0,29.2,Low
44,Male,Routine Checkup,1,69.0,122.0,19.8,Low
99,Male,Injury/Trauma,2,85.0,140.0,5.4,Medium
93,Female,Chronic Pain,1,101.0,78.0,15.7,Low
54,Female,Respiratory Issue,1,76.0,122.0,45.0,Low
54,Male,Fever/Cold,3,72.0,143.0,29.5,Medium
96,Male,Routine Checkup,5,93.0,103.0,45.2,High
17,Male,Respiratory Issue,1,58.0,104.0,20.8,Low
62,Male,Chronic Pain,4,75.0,144.0,49.0,High
91,Male,Fever/Cold,3,111.0,113.0,18.3,High
46,Female,Routine Checkup,4,81.0,113.0,38.0,Medium
74,Female,Cardiac Symptoms,3,86.0,125.0,15.6,Medium
56,Male,Chronic Pain,4,70.0,60.0,5.7,Medium
44,Male,Routine Checkup,4,83.0,83.0,41.7,Low
32,Male,Fever/Cold,1,93.0,131.0,38.2,Low
16,Male,Fever/Cold,1,52.0,115.0,41.1,Low
69,Male,Cardiac Symptoms,3,73.0,116.0,15.3,Low
3,Female,Chronic Pain,5,80.0,106.0,35.3,Medium
19,Female,Chronic Pain,1,74.0,114.0,11.4,Low
46,Other,Respiratory Issue,1,67.0,143.0,1.1,Low
90,Female,Routine Checkup,2,95.0,,43.4,Medium
14,Male,Respiratory Issue,1,78.0,141.0,26.4,Low
69,Female,Fever/Cold,5,64.0,116.0,49.2,High
46,Male,Fever/Cold,2,89.0,120.0,19.6,Low
77,Male,Cardiac Symptoms,4,95.0,126.0,47.9,Medium
74,Female,Cardiac Symptoms,4,92.0,130.0,30.9,Medium
8,Male,Chronic Pain,2,68.0,103.0,25.9,Low
89,Female,Respiratory Issue,2,69.0,119.0,15.5,Medium
15,Male,Fever/Cold,2,59.0,106.0,41.4,Low
68,Female,Routine Checkup,3,78.0,150.0,41.5,Medium
60,Female,Injury/Trauma,5,91.0,85.0,21.1,High
9,Female,Routine Checkup,5,83.0,131.0,36.5,High
49,Female,Cardiac Symptoms,4,101.0,,22.6,High
2,Male,Routine Checkup,4,45.0,97.0,37.1,Medium
76,Female,Fever/Cold,4,77.0,113.0,49.7,Medium
93,Female,Respiratory Issue,1,87.0,145.0,13.5,Low
69,Female,Chronic Pain,4,65.0,107.0,31.9,High
80,Female,Respiratory Issue,2,58.0,83.0,19.3,Low
50,Female,Injury/Trauma,4,56.0,101.0,27.6,Medium
18,Female,Chronic Pain,2,76.0,122.0,43.8,Low
41,Female,Injury/Trauma,3,56.0,87.0,17.7,Medium
34,Female,Injury/Trauma,1,97.0,134.0,4.1,Low
45,Female,Fever/Cold,1,82.0,88.0,40.0,Low
25,Male,Fever/Cold,5,71.0,110.0,28.0,High
68,Male,Cardiac Symptoms,3,73.0,136.0,22.7,Medium
92,Male,Cardiac Symptoms,2,91.0,109.0,9.6,Low
63,Male,Injury/Trauma,3,95.0,93.0,5.1,Medium
36,Male,Respiratory Issue,1,60.0,118.0,14.3,Low
83,Female,Cardiac Symptoms,2,64.0,110.0,36.1,Low
48,Male,Fever/Cold,3,69.0,144.0,20.9,Medium
20,Male,Cardiac Symptoms,1,65.0,136.0,28.7,Low
73,Female,Injury/Trauma,2,47.0,130.0,4.6,Low
63,Female,Chronic Pain,2,62.0,120.0,6.6,Low
4,Female,Respiratory Issue,1,64.0,115.0,1.1,Low
99,Other,Respiratory Issue,2,56.0,115.0,33.8,Medium
69,Female,Routine Checkup,1,81.0,85.0,13.6,Low
89,Male,Cardiac Symptoms,4,73.0,120.0,48.4,High
3,Female,Respiratory Issue,4,84.0,104.0,15.8,Medium
38,Female,Fever/Cold,2,60.0,118.0,18.5,Low
34,Male,Chronic Pain,2,84.0,121.0,23.7,Low
0,Male,Fever/Cold,1,77.0,110.0,16.3,Low
23,Female,Cardiac Symptoms,2,66.0,138.0,41.0,Low
56,Male,Injury/Trauma,5,99.0,98.0,43.9,High
99,Female,Routine Checkup,4,76.0,,1.0,High
69,Male,Routine Checkup,2,67.0,113.0,32.9,Low
40,Female,Chronic Pain,2,79.0,143.0,34.5,Medium
53,Female,Respiratory Issue,3,60.0,120.0,48.1,Medium
45,Male,Respiratory Issue,2,72.0,119.0,18.8,Low
59,Male,Respiratory Issue,5,105.0,137.0,10.2,High
59,Female,Routine Checkup,4,48.0,109.0,26.3,Medium
56,Female,Injury/Trauma,3,67.0,137.0,22.7,Medium
30,Female,Respiratory Issue,1,72.0,127.0,39.7,Low
83,Female,Fever/Cold,1,69.0,144.0,45.2,Low
23,Female,Respiratory Issue,4,67.0,112.0,4.8,High
88,Male,Injury/Trauma,1,100.0,114.0,42.4,Low
35,Male,Chronic Pain,5,66.0,122.0,45.5,Medium
84,Male,Chronic Pain,2,80.0,118.0,46.2,Low
29,Female,Routine Checkup,4,65.0,135.0,38.3,Medium
23,Male,Injury/Trauma,3,80.0,115.0,37.2,Medium
29,Male,Fever/Cold,2,89.0,,1.2,Low
85,Female,Injury/Trauma,1,73.0,147.0,46.0,Low
91,Female,Fever/Cold,1,66.0,,17.9,Medium
6,Male,Fever/Cold,3,73.0,88.0,2.5,Low
34,Male,Injury/Trauma,5,83.0,129.0,20.9,High
54,Male,Cardiac Symptoms,3,87.0,134.0,36.8,Medium
91,Male,Injury/Trauma,4,78.0,124.0,22.4,High
13,Female,Fever/Cold,3,73.0,151.0,38.0,Medium
9,Male,Respiratory Issue,1,94.0,93.0,25.7,Low
79,Female,Chronic Pain,5,65.0,108.0,15.3,High
15,Female,Chronic Pain,5,68.0,122.0,10.5,High
53,Male,Routine Checkup,3,101.0,138.0,21.3,Medium
94,Female,Chronic Pain,4,73.0,144.0,2.3,High
88,Male,Cardiac Symptoms,1,84.0,95.0,21.4,Low
76,Male,Fever/Cold,2,61.0,84.0,3.9,Low
69,Male,Injury/Trauma,5,90.0,135.0,43.9,High
43,Male,Injury/Trauma,3,57.0,122.0,29.0,Low
72,Male,Cardiac Symptoms,4,56.0,123.0,32.5,High
44,Male,Chronic Pain,4,88.0,136.0,14.8,High
99,Female,Fever/Cold,1,69.0,103.0,11.7,Low
55,Female,Chronic Pain,5,71.0,115.0,35.5,High
83,Female,Routine Checkup,1,81.0,130.0,33.7,Low
81,Male,Chronic Pain,2,70.0,100.0,6.6,Low
56,Female,Routine Checkup,2,59.0,109.0,12.3,Low
20,Female,Injury/Trauma,2,66.0,122.0,47.4,Low
67,Female,Fever/Cold,4,60.0,130.0,15.6,High
49,Female,Respiratory Issue,5,92.0,91.0,1.8,High
32,Female,Routine Checkup,1,93.0,133.0,3.7,Low
90,Male,Chronic Pain,1,62.0,128.0,38.9,Medium
6,Female,Chronic Pain,2,81.0,103.0,38.0,Low
69,Male,Injury/Trauma,5,70.0,164.0,19.4,High
14,Other,Cardiac Symptoms,5,96.0,100.0,8.1,Medium
81,Male,Respiratory Issue,3,110.0,134.0,25.2,High
31,Male,Cardiac Symptoms,5,85.0,125.0,16.9,Medium
74,Male,Chronic Pain,5,67.0,111.0,19.0,High
19,Female,Cardiac Symptoms,1,57.0,121.0,13.4,Low
87,Male,Respiratory Issue,5,78.0,130.0,3.6,High
14,Male,Respiratory Issue,5,72.0,177.0,39.7,High
47,Female,Fever/Cold,1,53.0,91.0,31.1,Low
70,Female,Cardiac Symptoms,5,76.0,65.0,41.8,High
20,Male,Fever/Cold,1,106.0,99.0,25.4,Low
41,Male,Chronic Pain,3,87.0,119.0,49.3,Low
25,Female,Chronic Pain,4,57.0,,48.1,Medium
13,Female,Chronic Pain,1,74.0,121.0,14.0,Low
56,Female,Injury/Trauma,1,80.0,116.0,19.7,Low
36,Female,Cardiac Symptoms,5,82.0,150.0,37.8,High
57,Male,Routine Checkup,1,50.0,104.0,38.9,Low
20,Female,Respiratory Issue,2,73.0,153.0,45.6,Low
81,Female,Routine Checkup,2,78.0,132.0,32.8,Medium
68,Female,Chronic Pain,3,72.0,149.0,24.0,Medium
2,Male,Cardiac Symptoms,1,46.0,101.0,19.2,Low
86,Female,Fever/Cold,5,72.0,112.0,21.2,High
89,Female,Routine Checkup,5,86.0,90.0,42.6,High
36,Male,Chronic Pain,4,66.0,126.0,49.0,Medium
87,Female,Routine Checkup,3,67.0,126.0,3.1,Medium
48,Female,Routine Checkup,5,95.0,160.0,29.2,High
18,Female,Respiratory Issue,4,72.0,,26.2,Medium
88,Female,Routine Checkup,5,76.0,89.0,19.1,High
84,Female,Chronic Pain,4,47.0,138.0,42.7,High
11,Female,Respiratory Issue,2,59.0,101.0,29.0,Low
60,Male,Chronic Pain,2,107.0,94.0,16.0,Medium
40,Male,Injury/Trauma,5,99.0,134.0,22.5,High
32,Male,Injury/Trauma,3,82.0,104.0,18.2,Medium
49,Female,Injury/Trauma,1,40.0,108.0,21.8,Low
67,Female,Routine Checkup,3,55.0,148.0,4.0,Medium
70,Female,Cardiac Symptoms,3,54.0,130.0,6.0,Medium
85,Female,Chronic Pain,1,54.0,131.0,31.4,Low
32,Female,Injury/Trauma,2,,92.0,34.4,Low
80,Other,Cardiac Symptoms,2,86.0,134.0,32.0,Medium
23,Male,Injury/Trauma,1,65.0,114.0,38.3,Low
60,Female,Injury/Trauma,4,70.0,111.0,47.2,Medium
60,Male,Cardiac Symptoms,3,70.0,128.0,43.1,Medium
97,Female,Injury/Trauma,5,88.0,120.0,21.2,High
27,Female,Routine Checkup,2,88.0,90.0,11.3,Low
57,Female,Routine Checkup,5,77.0,139.0,15.9,High
42,Male,Respiratory Issue,1,94.0,140.0,29.6,Low
40,Male,Routine Checkup,5,69.0,108.0,42.9,Medium
38,Female,Fever/Cold,5,101.0,132.0,35.2,High
85,Female,Respiratory Issue,3,65.0,138.0,27.4,Medium
48,Male,Injury/Trauma,1,45.0,82.0,30.3,Low
16,Female,Fever/Cold,5,56.0,109.0,26.6,Medium
97,Male,Chronic Pain,2,54.0,76.0,48.6,Low
69,Female,Cardiac Symptoms,1,63.0,132.0,40.9,Low
69,Female,Chronic Pain,2,91.0,128.0,39.2,Low
97,Female,Fever/Cold,4,68.0,106.0,26.1,High
64,Female,Routine Checkup,5,54.0,116.0,16.9,High
73,Female,Injury/Trauma,1,53.0,112.0,1.5,Low
84,Female,Respiratory Issue,2,74.0,79.0,2.6,Low
4,Male,Injury/Trauma,5,97.0,146.0,2.0,High
1,Male,Routine Checkup,3,78.0,125.0,49.0,Low
21,Male,Injury/Trauma,2,89.0,117.0,6.2,Low
56,Female,Cardiac Symptoms,2,81.0,117.0,7.5,Low
65,Male,Cardiac Symptoms,4,52.0,134.0,24.5,Medium
73,Male,Cardiac Symptoms,3,84.0,88.0,24.3,Medium
97,Male,Chronic Pain,4,57.0,102.0,46.0,High
15,Male,Routine Checkup,3,68.0,124.0,4.1,Low
50,Male,Cardiac Symptoms,2,64.0,142.0,47.9,Medium
38,Female,Fever/Cold,4,73.0,,11.2,Medium
85,Female,Cardiac Symptoms,5,71.0,139.0,48.5,High
75,Female,Respiratory Issue,3,69.0,105.0,27.3,Medium
87,Female,Chronic Pain,2,70.0,114.0,32.8,Low
39,Male,Fever/Cold,1,79.0,120.0,16.1,Low
37,Female,Routine Checkup,3,70.0,97.0,30.8,Low
59,Male,Routine Checkup,3,72.0,95.0,35.7,Medium
58,Male,Respiratory Issue,5,104.0,124.0,1.0,High
9,Female,Cardiac Symptoms,3,90.0,157.0,2.2,Medium
98,Male,Fever/Cold,3,67.0,101.0,49.3,Medium
63,Female,Respiratory Issue,5,76.0,,23.1,High
62,Male,Fever/Cold,5,75.0,95.0,46.8,High
48,Female,Cardiac Symptoms,4,76.0,115.0,36.6,Medium
63,Female,Cardiac Symptoms,2,74.0,100.0,19.0,Low
31,Male,Injury/Trauma,2,76.0,,8.0,Low
6,Female,Injury/Trauma,4,71.0,124.0,48.9,Medium
20,Male,Cardiac Symptoms,2,65.0,,29.4,Low
19,Female,Chronic Pain,3,69.0,152.0,10.0,Medium
25,Male,Respiratory Issue,4,48.0,,34.2,Medium
67,Female,Injury/Trauma,4,85.0,142.0,5.1,High
85,Female,Cardiac Symptoms,2,,159.0,43.5,Low
14,Male,Fever/Cold,1,105.0,143.0,5.0,Low
84,Female,Respiratory Issue,2,57.0,141.0,12.2,Medium
78,Female,Injury/Trauma,1,68.0,135.0,5.0,Low
85,Female,Chronic Pain,4,92.0,124.0,5.6,High
91,Female,Respiratory Issue,1,80.0,143.0,26.4,Medium
13,Male,Respiratory Issue,3,99.0,114.0,34.5,Low
26,Female,Routine Checkup,5,97.0,137.0,39.5,High
39,Male,Fever/Cold,1,38.0,142.0,34.9,Low
57,Male,Chronic Pain,5,78.0,130.0,18.5,High
27,Other,Chronic Pain,3,78.0,114.0,28.1,Low
25,Female,Chronic Pain,5,74.0,129.0,46.4,High
62,Male,Fever/Cold,3,68.0,112.0,19.7,Medium
65,Male,Chronic Pain,5,98.0,109.0,13.0,High
24,Female,Routine Checkup,5,74.0,135.0,26.2,Medium
2,Male,Injury/Trauma,2,27.0,122.0,15.2,Low
71,Male,Fever/Cold,1,68.0,135.0,13.5,Low
43,Male,Chronic Pain,5,106.0,123.0,39.1,High
96,Female,Cardiac Symptoms,4,58.0,130.0,44.6,High
41,Female,Injury/Trauma,2,93.0,147.0,25.4,Low
98,Male,Respiratory Issue,1,90.0,116.0,39.1,Low
5,Female,Fever/Cold,2,71.0,111.0,9.8,Low
38,Male,Cardiac Symptoms,1,77.0,128.0,27.6,Low
51,Female,Respiratory Issue,3,73.0,68.0,32.0,Medium
22,Other,Cardiac Symptoms,5,67.0,,24.8,Medium
88,Female,Chronic Pain,4,64.0,102.0,6.3,Medium
49,Female,Fever/Cold,2,96.0,,36.8,Medium
42,Female,Chronic Pain,2,72.0,135.0,42.0,Low
18,Female,Respiratory Issue,2,63.0,138.0,31.9,Low
68,Female,Routine Checkup,2,83.0,138.0,8.9,Low
50,Female,Cardiac Symptoms,5,81.0,110.0,4.2,High
10,Male,Routine Checkup,1,52.0,114.0,15.4,Low
11,Male,Respiratory Issue,5,65.0,86.0,2.3,Medium
73,Female,Chronic Pain,3,49.0,149.0,42.0,Medium
7,Female,Injury/Trauma,5,113.0,94.0,35.3,Medium
23,Male,Cardiac Symptoms,5,69.0,119.0,28.4,Medium
91,Male,Injury/Trauma,3,64.0,144.0,44.5,Medium
40,Female,Fever/Cold,5,67.0,150.0,5.9,High
35,Female,Cardiac Symptoms,1,63.0,114.0,35.9,Low
84,Female,Routine Checkup,4,72.0,85.0,7.8,Medium
71,Female,Injury/Trauma,3,93.0,124.0,3.5,Medium
54,Female,Respiratory Issue,2,76.0,126.0,7.1,Medium
8,Female,Fever/Cold,1,54.0,128.0,47.6,Low
46,Female,Cardiac Symptoms,4,57.0,113.0,22.3,Medium
14,Female,Respiratory Issue,1,77.0,117.0,2.9,Low
47,Female,Fever/Cold,1,62.0,106.0,29.4,Low
81,Male,Routine Checkup,2,72.0,123.0,10.4,Low
41,Male,Respiratory Issue,4,114.0,136.0,0.8,Medium
59,Female,Cardiac Symptoms,1,59.0,125.0,38.0,Low
83,Male,Fever/Cold,2,53.0,119.0,8.2,Low
69,Male,Chronic Pain,3,63.0,142.0,47.2,Medium
11,Female,Cardiac Symptoms,2,48.0,125.0,29.8,Low
1,Female,Cardiac Symptoms,5,94.0,120.0,4.8,High
6,Male,Cardiac Symptoms,2,57.0,121.0,11.3,Low
79,Male,Cardiac Symptoms,2,60.0,95.0,30.7,Medium
2,Male,Chronic Pain,2,54.0,98.0,17.2,Low
2,Female,Respiratory Issue,1,49.0,117.0,26.8,Low
26,Male,Respiratory Issue,4,74.0,105.0,40.1,Low
39,Male,Respiratory Issue,2,63.0,119.0,39.7,Low
32,Male,Routine Checkup,2,47.0,137.0,35.1,Low
91,Female,Chronic Pain,5,69.0,134.0,44.4,High
0,Male,Chronic Pain,5,80.0,127.0,10.4,Medium
7,Male,Fever/Cold,3,68.0,136.0,9.3,Low
31,Female,Injury/Trauma,3,83.0,140.0,40.1,Medium
47,Female,Respiratory Issue,5,100.0,139.0,16.4,High
3,Female,Injury/Trauma,4,87.0,139.0,25.9,Medium
93,Other,Fever/Cold,3,78.0,,37.3,Medium
69,Female,Chronic Pain,4,87.0,82.0,20.1,High
18,Male,Fever/Cold,5,108.0,104.0,6.9,High
31,Female,Cardiac Symptoms,3,53.0,110.0,34.1,Medium
8,Male,Fever/Cold,2,84.0,138.0,40.9,Low
11,Female,Fever/Cold,5,60.0,118.0,1.1,High
10,Male,Cardiac Symptoms,3,78.0,110.0,28.3,Low
45,Male,Injury/Trauma,4,55.0,123.0,23.7,Medium
15,Female,Cardiac Symptoms,4,86.0,130.0,13.4,Medium
0,Male,Routine Checkup,3,79.0,135.0,8.5,Low
62,Female,Fever/Cold,4,97.0,111.0,9.8,High
20,Male,Fever/Cold,3,70.0,100.0,36.4,Low
29,Male,Injury/Trauma,3,70.0,104.0,27.0,Medium
12,Female,Chronic Pain,4,70.0,122.0,49.1,Medium
33,Female,Cardiac Symptoms,1,111.0,98.0,12.5,Low
3,Female,Chronic Pain,2,84.0,,47.9,Low
27,Male,Routine Checkup,5,95.0,99.0,26.0,Medium
94,Female,Cardiac Symptoms,2,85.0,88.0,7.7,Medium
58,Female,Routine Checkup,5,88.0,123.0,7.8,High
26,Female,Routine Checkup,5,52.0,114.0,30.6,High
68,Male,Routine Checkup,2,66.0,,41.7,Low
24,Female,Respiratory Issue,3,65.0,110.0,37.5,Medium
2,Female,Cardiac Symptoms,4,75.0,128.0,33.0,Medium
96,Female,Cardiac Symptoms,1,73.0,140.0,9.0,Low
67,Female,Respiratory Issue,1,50.0,107.0,5.9,Low
24,Female,Injury/Trauma,1,75.0,130.0,0.5,Low
19,Male,Respiratory Issue,2,,155.0,5.5,Low
33,Male,Fever/Cold,2,86.0,135.0,38.4,Low
25,Female,Chronic Pain,3,76.0,104.0,44.8,Low
4,Male,Chronic Pain,1,93.0,126.0,12.4,Low
98,Male,Routine Checkup,3,78.0,93.0,39.8,High
60,Male,Cardiac Symptoms,1,68.0,96.0,10.3,Low
91,Male,Cardiac Symptoms,2,51.0,149.0,12.8,Medium
92,Female,Routine Checkup,4,69.0,128.0,11.6,High
8,Female,Fever/Cold,4,63.0,150.0,3.1,High
49,Female,Chronic Pain,4,80.0,128.0,10.1,Medium
5,Male,Respiratory Issue,4,68.0,109.0,19.0,Low
82,Female,Injury/Trauma,5,84.0,120.0,20.6,High
59,Female,Fever/Cold,1,95.0,125.0,15.8,Low
43,Female,Cardiac Symptoms,4,53.0,164.0,26.0,Medium
10,Female,Routine Checkup,5,74.0,134.0,19.2,Medium
65,Male,Chronic Pain,5,74.0,105.0,48.5,High
46,Female,Routine Checkup,5,79.0,116.0,40.5,High
72,Female,Cardiac Symptoms,3,85.0,129.0,46.6,Medium
84,Female,Routine Checkup,3,98.0,98.0,28.1,Medium
87,Female,Respiratory Issue,5,58.0,119.0,34.1,High
97,Male,Chronic Pain,4,,115.0,8.8,High
85,Female,Routine Checkup,1,77.0,129.0,37.8,Low
2,Female,Chronic Pain,2,81.0,118.0,12.2,Low
75,Male,Routine Checkup,3,85.0,92.0,7.7,Medium
91,Female,Routine Checkup,4,63.0,119.0,2.6,High
29,Male,Chronic Pain,4,51.0,135.0,23.9,Medium
89,Male,Respiratory Issue,2,93.0,148.0,14.7,Medium
20,Male,Routine Checkup,2,82.0,139.0,49.3,Low
27,Male,Respiratory Issue,4,69.0,88.0,12.9,High
89,Female,Fever/Cold,2,42.0,93.0,43.4,Low
61,Male,Injury/Trauma,4,64.0,98.0,16.2,Medium
32,Male,Fever/Cold,2,,150.0,37.6,Medium
84,Female,Injury/Trauma,2,81.0,129.0,33.2,Low
34,Female,Fever/Cold,4,54.0,172.0,28.3,High
51,Female,Injury/Trauma,5,84.0,,21.1,High
33,Male,Routine Checkup,4,73.0,121.0,33.7,High
40,Female,Chronic Pain,1,94.0,110.0,20.7,Low
50,Male,Chronic Pain,2,64.0,127.0,27.6,Low
46,Female,Cardiac Symptoms,3,65.0,136.0,29.7,Low
81,Male,Injury/Trauma,2,76.0,144.0,13.7,Medium
57,Female,Cardiac Symptoms,1,68.0,114.0,17.3,Low
74,Male,Respiratory Issue,3,61.0,163.0,1.4,Medium
56,Female,Respiratory Issue,3,102.0,119.0,42.7,High
22,Female,Cardiac Symptoms,4,96.0,143.0,37.9,Medium
47,Male,Injury/Trauma,5,60.0,126.0,9.6,High
21,Male,Chronic Pain,4,78.0,112.0,18.4,Medium
16,Female,Injury/Trauma,3,52.0,80.0,21.3,Low
68,Female,Respiratory Issue,3,100.0,95.0,17.1,Medium
10,Female,Routine Checkup,5,86.0,143.0,40.0,High
93,Male,Cardiac Symptoms,2,90.0,135.0,36.4,Low
14,Male,Cardiac Symptoms,5,71.0,131.0,38.5,High
90,Female,Respiratory Issue,4,92.0,151.0,45.3,High
34,Female,Injury/Trauma,2,92.0,100.0,30.0,Low
32,Female,Cardiac Symptoms,4,72.0,110.0,30.9,Medium
83,Female,Chronic Pain,5,57.0,111.0,36.2,High
15,Female,Cardiac Symptoms,2,81.0,93.0,34.2,Low
33,Female,Injury/Trauma,5,,104.0,43.6,Medium
65,Male,Respiratory Issue,1,102.0,98.0,38.6,Low
98,Male,Chronic Pain,3,75.0,88.0,6.5,Medium
39,Female,Chronic Pain,2,76.0,102.0,46.5,Low
27,Male,Cardiac Symptoms,3,87.0,118.0,34.3,Medium
46,Male,Injury/Trauma,1,75.0,155.0,6.8,Medium
38,Male,Cardiac Symptoms,2,85.0,99.0,38.7,Low
69,Male,Routine Checkup,3,66.0,141.0,18.2,Medium
72,Female,Respiratory Issue,3,58.0,124.0,40.4,Medium
19,Female,Routine Checkup,2,61.0,,47.8,Low
0,Female,Chronic Pain,3,69.0,,13.1,Low
71,Male,Cardiac Symptoms,3,76.0,82.0,42.9,Medium
86,Female,Routine Checkup,2,82.0,98.0,38.8,Medium
62,Male,Fever/Cold,3,81.0,131.0,33.7,Medium
66,Female,Routine Checkup,3,75.0,120.0,19.6,Medium
3,Female,Cardiac Symptoms,4,58.0,87.0,5.9,Medium
57,Male,Cardiac Symptoms,4,85.0,115.0,24.5,Medium
24,Female,Respiratory Issue,1,52.0,131.0,5.7,Low
46,Female,Routine Checkup,4,57.0,94.0,25.3,Medium
37,Male,Cardiac Symptoms,4,75.0,112.0,41.1,High
14,Female,Cardiac Symptoms,1,86.0,,49.9,Low
62,Male,Respiratory Issue,3,84.0,,10.3,Medium
20,Male,Respiratory Issue,3,73.0,151.0,10.8,Medium
98,Female,Respiratory Issue,4,81.0,112.0,40.6,High
56,Female,Respiratory Issue,1,59.0,141.0,23.7,Low
52,Female,Fever/Cold,3,66.0,99.0,45.8,Low
45,Male,Chronic Pain,5,66.0,136.0,38.6,High
13,Male,Cardiac Symptoms,2,60.0,105.0,37.0,Low
99,Female,Injury/Trauma,2,69.0,129.0,5.5,Medium
75,Male,Respiratory Issue,2,71.0,130.0,2.3,Low
16,Female,Chronic Pain,4,68.0,133.0,16.2,Medium
38,Female,Respiratory Issue,2,71.0,99.0,11.3,Low
8,Female,Chronic Pain,2,32.0,126.0,35.8,Low
98,Female,Injury/Trauma,5,80.0,120.0,22.8,High
76,Male,Routine Checkup,3,68.0,145.0,26.4,High
78,Male,Fever/Cold,5,68.0,107.0,40.8,High
81,Male,Cardiac Symptoms,4,54.0,93.0,24.2,Medium
96,Female,Routine Checkup,2,98.0,87.0,27.5,Low
5,Female,Injury/Trauma,3,98.0,114.0,42.2,Medium
90,Female,Fever/Cold,2,49.0,111.0,21.9,Low
22,Female,Fever/Cold,2,71.0,113.0,4.6,Low
58,Female,Fever/Cold,4,88.0,114.0,26.3,High
90,Male,Injury/Trauma,2,69.0,147.0,29.2,Medium
97,Male,Respiratory Issue,1,65.0,117.0,25.8,Low
45,Male,Respiratory Issue,3,64.0,142.0,13.3,Medium
37,Female,Respiratory Issue,3,79.0,127.0,11.6,Low
13,Male,Routine Checkup,1,114.0,101.0,18.8,Low
99,Female,Cardiac Symptoms,4,87.0,120.0,8.7,High
71,Female,Fever/Cold,2,58.0,150.0,33.5,Low
61,Female,Fever/Cold,2,65.0,140.0,30.9,Low
34,Female,Routine Checkup,3,70.0,144.0,31.8,Medium
18,Male,Respiratory Issue,4,62.0,130.0,11.6,High
29,Male,Fever/Cold,4,59.0,110.0,12.7,Medium
77,Female,Fever/Cold,4,86.0,152.0,39.5,High
83,Male,Injury/Trauma,2,67.0,131.0,34.7,Low
24,Male,Chronic Pain,4,80.0,138.0,43.8,Medium
39,Female,Routine Checkup,1,101.0,122.0,20.5,Low
87,Male,Routine Checkup,5,67.0,99.0,27.6,High
13,Female,Respiratory Issue,4,79.0,127.0,37.1,Medium
25,Female,Routine Checkup,5,59.0,153.0,48.7,High
86,Male,Respiratory Issue,2,81.0,136.0,49.5,Low
21,Female,Injury/Trauma,4,94.0,131.0,50.0,Medium
47,Male,Injury/Trauma,3,93.0,102.0,44.6,Medium
82,Female,Cardiac Symptoms,2,75.0,150.0,32.2,Medium
50,Male,Respiratory Issue,1,67.0,146.0,0.8,Low
2,Female,Injury/Trauma,1,78.0,84.0,35.1,Low
41,Male,Respiratory Issue,5,75.0,138.0,12.3,High
18,Male,Routine Checkup,5,81.0,115.0,3.3,Medium
72,Male,Cardiac Symptoms,3,65.0,125.0,35.0,Medium
27,Male,Chronic Pain,3,68.0,103.0,37.9,Medium
83,Male,Fever/Cold,1,71.0,122.0,33.1,Low
44,Female,Fever/Cold,4,84.0,97.0,18.6,Medium
70,Female,Cardiac Symptoms,1,86.0,103.0,25.8,Low
77,Male,Respiratory Issue,1,68.0,130.0,46.8,Low
62,Male,Respiratory Issue,3,57.0,104.0,36.6,Medium
72,Female,Respiratory Issue,5,80.0,,25.5,High
18,Female,Chronic Pain,3,85.0,122.0,29.9,Low
46,Male,Fever/Cold,3,72.0,167.0,46.4,Medium
13,Female,Cardiac Symptoms,3,64.0,107.0,20.0,Low
37,Male,Respiratory Issue,1,67.0,113.0,5.5,Low
52,Female,Injury/Trauma,4,99.0,105.0,16.6,High
60,Male,Routine Checkup,1,78.0,148.0,21.1,Low
35,Male,Chronic Pain,2,90.0,122.0,14.0,Low
39,Female,Respiratory Issue,3,62.0,,26.7,Medium
80,Male,Fever/Cold,3,93.0,135.0,15.6,Medium
29,Female,Routine Checkup,2,88.0,102.0,5.6,Low
8,Male,Cardiac Symptoms,3,73.0,93.0,9.8,Low
63,Female,Respiratory Issue,3,84.0,125.0,45.9,Medium
32,Female,Fever/Cold,3,94.0,123.0,31.7,Low
51,Male,Routine Checkup,2,58.0,,16.1,Low
88,Female,Injury/Trauma,1,67.0,127.0,18.7,Low
13,Female,Chronic Pain,3,82.0,156.0,24.9,Medium
74,Female,Cardiac Symptoms,4,75.0,128.0,33.8,Medium
52,Female,Fever/Cold,2,,80.0,29.3,Low
98,Female,Injury/Trauma,5,85.0,148.0,46.7,High
58,Male,Chronic Pain,2,82.0,159.0,31.5,Medium
77,Male,Chronic Pain,1,71.0,130.0,45.6,Low
93,Female,Injury/Trauma,2,72.0,123.0,0.8,Medium
40,Female,Fever/Cold,5,98.0,89.0,44.6,Medium
67,Male,Chronic Pain,4,76.0,102.0,36.2,High
67,Female,Cardiac Symptoms,5,95.0,113.0,9.0,High
91,Female,Routine Checkup,2,96.0,105.0,13.5,Medium
7,Male,Cardiac Symptoms,5,63.0,109.0,27.4,Medium
1,Male,Respiratory Issue,2,86.0,122.0,6.7,Low
85,Female,Chronic Pain,4,58.0,106.0,39.4,High
40,Male,Routine Checkup,4,99.0,,39.7,High
54,Female,Injury/Trauma,1,77.0,121.0,15.4,Low
15,Female,Routine Checkup,4,77.0,130.0,4.0,Medium
92,Male,Routine Checkup,3,62.0,130.0,49.4,Medium
61,Male,Routine Checkup,5,65.0,127.0,12.9,High
47,Male,Chronic Pain,5,78.0,120.0,3.8,High
29,Female,Respiratory Issue,2,76.0,139.0,16.8,Low
11,Female,Respiratory Issue,4,69.0,144.0,48.5,Medium
34,Male,Fever/Cold,1,88.0,78.0,39.7,Low
10,Female,Respiratory Issue,1,74.0,91.0,24.3,Low
63,Male,Chronic Pain,1,59.0,109.0,15.6,Low
49,Male,Fever/Cold,3,85.0,97.0,21.5,Medium
84,Male,Injury/Trauma,4,57.0,105.0,1.4,Medium
20,Male,Injury/Trauma,1,46.0,110.0,36.1,Low
68,Male,Injury/Trauma,3,76.0,114.0,5.4,Medium
47,Male,Injury/Trauma,5,59.0,90.0,26.2,High
19,Female,Injury/Trauma,2,77.0,111.0,28.5,Low
66,Female,Cardiac Symptoms,4,87.0,148.0,0.6,High
43,Male,Chronic Pain,4,89.0,114.0,49.0,Medium
32,Male,Fever/Cold,5,82.0,131.0,15.5,Medium
72,Male,Injury/Trauma,4,,118.0,4.3,Medium
60,Male,Cardiac Symptoms,4,64.0,,42.8,High
8,Female,Respiratory Issue,4,75.0,117.0,8.0,Medium
67,Male,Cardiac Symptoms,4,,134.0,1.7,High
34,Male,Cardiac Symptoms,3,60.0,103.0,25.0,Medium
80,Male,Chronic Pain,3,68.0,123.0,6.9,Medium
97,Male,Injury/Trauma,2,87.0,108.0,49.1,Medium
87,Male,Cardiac Symptoms,4,82.0,133.0,1.0,Medium
95,Female,Cardiac Symptoms,5,70.0,97.0,3.0,High
64,Male,Injury/Trauma,1,90.0,133.0,41.7,Low
7,Male,Chronic Pain,2,55.0,124.0,12.4,Low
44,Female,Cardiac Symptoms,1,87.0,94.0,45.6,Low
86,Female,Fever/Cold,1,85.0,154.0,15.9,Low
46,Female,Routine Checkup,4,86.0,131.0,4.0,Medium
39,Female,Respiratory Issue,5,79.0,98.0,1.0,High
75,Male,Routine Checkup,1,65.0,123.0,14.5,Low
53,Female,Routine Checkup,1,83.0,87.0,23.9,Low
75,Female,Chronic Pain,2,68.0,85.0,0.6,Medium
45,Male,Cardiac Symptoms,5,78.0,143.0,29.3,High
46,Female,Routine Checkup,5,64.0,95.0,17.0,High
14,Female,Routine Checkup,1,69.0,135.0,19.8,Low
18,Male,Respiratory Issue,5,72.0,143.0,13.4,High
25,Male,Injury/Trauma,2,80.0,100.0,26.7,Low
51,Male,Cardiac Symptoms,2,83.0,161.0,11.9,Medium
92,Male,Cardiac Symptoms,2,100.0,121.0,7.2,Medium
21,Male,Respiratory Issue,4,77.0,120.0,44.6,Low
20,Female,Injury/Trauma,1,,100.0,19.8,Low
50,Female,Cardiac Symptoms,5,86.0,100.0,4.3,High
37,Male,Fever/Cold,2,80.0,76.0,11.9,Low
19,Female,Respiratory Issue,1,72.0,104.0,15.8,Low
28,Male,Chronic Pain,1,68.0,143.0,38.6,Low
50,Male,Injury/Trauma,4,65.0,,1.6,Medium
3,Female,Respiratory Issue,5,65.0,101.0,24.2,Medium
54,Female,Routine Checkup,5,56.0,94.0,20.7,High
70,Female,Cardiac Symptoms,2,89.0,92.0,48.4,Low
91,Female,Fever/Cold,2,81.0,137.0,9.4,Low
27,Female,Fever/Cold,1,76.0,95.0,31.6,Low
3,Female,Chronic Pain,5,65.0,117.0,10.5,Medium
21,Male,Respiratory Issue,5,91.0,112.0,27.6,Medium
75,Female,Fever/Cold,2,53.0,139.0,28.0,Low
44,Other,Respiratory Issue,3,73.0,103.0,4.2,Medium
66,Female,Cardiac Symptoms,1,89.0,111.0,23.1,Low
85,Male,Cardiac Symptoms,5,45.0,98.0,23.3,High
65,Female,Fever/Cold,4,77.0,107.0,16.3,Medium
87,Female,Cardiac Symptoms,4,,101.0,14.2,High
33,Male,Respiratory Issue,3,76.0,117.0,11.6,Medium
90,Female,Cardiac Symptoms,2,69.0,152.0,0.8,Medium
54,Male,Routine Checkup,2,83.0,115.0,0.6,Medium
0,Male,Respiratory Issue,2,93.0,143.0,29.7,Low
71,Female,Injury/Trauma,4,112.0,138.0,14.9,High
86,Male,Cardiac Symptoms,2,73.0,119.0,8.8,Low
37,Male,Cardiac Symptoms,4,86.0,139.0,34.4,Medium
5,Female,Respiratory Issue,3,80.0,124.0,26.7,Low
85,Female,Chronic Pain,1,81.0,91.0,45.8,Low
24,Male,Injury/Trauma,5,97.0,119.0,41.6,Medium
81,Female,Injury/Trauma,3,64.0,124.0,36.5,High
16,Female,Injury/Trauma,4,69.0,155.0,6.8,Medium
60,Female,Fever/Cold,3,72.0,,33.5,Medium
11,Female,Routine Checkup,5,,129.0,34.8,High
5,Female,Routine Checkup,1,74.0,95.0,38.3,Low
89,Male,Chronic Pain,5,84.0,150.0,13.5,High
26,Male,Injury/Trauma,4,87.0,144.0,32.2,Medium
7,Female,Injury/Trauma,5,72.0,96.0,31.1,High
82,Female,Cardiac Symptoms,3,92.0,154.0,19.6,Medium
64,Male,Respiratory Issue,2,,141.0,33.3,Low
56,Female,Fever/Cold,3,109.0,145.0,4.8,High
92,Female,Fever/Cold,4,83.0,151.0,32.4,High
98,Male,Chronic Pain,1,68.0,142.0,30.5,Medium
39,Male,Routine Checkup,5,81.0,113.0,10.9,Medium
13,Male,Injury/Trauma,1,72.0,150.0,41.0,Low
34,Female,Respiratory Issue,4,43.0,102.0,43.8,Medium
47,Male,Chronic Pain,5,75.0,104.0,10.9,Medium
83,Male,Fever/Cold,3,88.0,110.0,4.3,Medium
55,Female,Fever/Cold,3,89.0,126.0,30.4,Medium
48,Female,Fever/Cold,4,78.0,101.0,24.3,Medium
12,Male,Injury/Trauma,5,89.0,96.0,21.7,High
60,Male,Injury/Trauma,3,81.0,101.0,38.2,Medium
48,Female,Injury/Trauma,4,78.0,112.0,48.5,Low
45,Female,Cardiac Symptoms,4,64.0,121.0,24.1,Medium
61,Female,Routine Checkup,1,,,0.8,Low
7,Female,Fever/Cold,3,71.0,95.0,30.0,Low
42,Male,Fever/Cold,5,79.0,127.0,32.9,High
19,Male,Cardiac Symptoms,3,87.0,156.0,41.5,Medium
96,Male,Fever/Cold,3,65.0,111.0,10.4,Medium
89,Male,Fever/Cold,3,54.0,,26.5,Medium
38,Female,Injury/Trauma,4,96.0,120.0,22.6,Medium
84,Male,Injury/Trauma,2,60.0,,33.4,Medium
48,Male,Routine Checkup,2,82.0,136.0,3.7,Low
63,Other,Fever/Cold,1,78.0,,44.3,Low
61,Male,Chronic Pain,3,,100.0,25.8,Medium
53,Male,Fever/Cold,2,84.0,95.0,43.9,Low
8,Male,Fever/Cold,1,56.0,143.0,17.3,Low
87,Female,Routine Checkup,4,99.0,132.0,32.8,High
36,Female,Chronic Pain,3,114.0,139.0,47.9,Medium
48,Male,Fever/Cold,5,93.0,133.0,47.2,High
40,Female,Respiratory Issue,4,62.0,141.0,47.2,Medium
16,Female,Respiratory Issue,1,40.0,124.0,2.6,Low
87,Female,Chronic Pain,4,82.0,89.0,20.4,Medium
20,Female,Respiratory Issue,5,55.0,125.0,3.5,High
50,Female,Injury/Trauma,4,68.0,155.0,15.8,Medium
58,Female,Injury/Trauma,1,97.0,127.0,9.1,Low
38,Male,Chronic Pain,5,99.0,95.0,31.2,High
54,Male,Fever/Cold,5,100.0,134.0,39.1,High
40,Male,Chronic Pain,4,76.0,163.0,25.9,High
38,Female,Respiratory Issue,5,88.0,108.0,39.9,High
12,Female,Chronic Pain,4,45.0,126.0,1.1,Medium
63,Female,Respiratory Issue,3,52.0,129.0,41.1,Medium
10,Male,Injury/Trauma,5,70.0,124.0,9.3,Medium
18,Female,Chronic Pain,4,87.0,135.0,23.3,Medium
10,Female,Cardiac Symptoms,3,68.0,111.0,22.4,Low
76,Female,Respiratory Issue,5,87.0,132.0,43.7,High
45,Female,Cardiac Symptoms,3,57.0,143.0,48.3,Medium
44,Female,Injury/Trauma,5,76.0,115.0,13.1,High
0,Female,Fever/Cold,1,83.0,136.0,3.8,Low
39,Female,Respiratory Issue,1,86.0,,32.7,Low
18,Female,Fever/Cold,4,68.0,92.0,25.4,Medium
75,Male,Injury/Trauma,2,75.0,92.0,28.5,Low
71,Male,Fever/Cold,1,51.0,129.0,2.8,Low
71,Female,Respiratory Issue,2,73.0,82.0,38.9,Low
60,Male,Routine Checkup,3,91.0,121.0,12.0,Medium
11,Female,Respiratory Issue,3,71.0,104.0,17.1,Low
60,Male,Respiratory Issue,2,63.0,76.0,11.8,Low
32,Female,Cardiac Symptoms,4,86.0,133.0,47.3,Medium
44,Male,Routine Checkup,5,109.0,91.0,8.9,High
89,Male,Routine Checkup,2,107.0,166.0,36.7,High
91,Female,Routine Checkup,2,78.0,152.0,12.7,Medium
68,Male,Respiratory Issue,2,86.0,118.0,21.5,Medium
7,Male,Injury/Trauma,2,99.0,79.0,49.8,Low
24,Male,Routine Checkup,2,78.0,125.0,5.5,Medium
90,Female,Chronic Pain,4,81.0,156.0,44.1,High
45,Male,Fever/Cold,1,70.0,141.0,47.3,Low
86,Female,Injury/Trauma,5,110.0,142.0,35.1,High
29,Female,Chronic Pain,1,85.0,150.0,1.0,Low
46,Female,Respiratory Issue,2,70.0,94.0,41.1,Low
86,Female,Respiratory Issue,1,66.0,141.0,44.2,Medium
48,Female,Chronic Pain,4,47.0,158.0,49.1,High
46,Male,Cardiac Symptoms,3,51.0,107.0,42.0,Medium
83,Female,Cardiac Symptoms,1,64.0,111.0,22.6,Low
81,Male,Chronic Pain,5,88.0,151.0,34.6,High
17,Female,Cardiac Symptoms,4,79.0,147.0,24.5,Medium
65,Male,Fever/Cold,3,56.0,102.0,18.0,Medium
67,Female,Fever/Cold,4,61.0,94.0,31.5,Medium
93,Male,Respiratory Issue,2,79.0,117.0,38.6,Low
32,Male,Cardiac Symptoms,3,100.0,90.0,32.0,Medium
35,Female,Routine Checkup,5,58.0,102.0,41.4,High
81,Female,Chronic Pain,3,81.0,106.0,9.2,Medium
18,Male,Fever/Cold,5,68.0,142.0,19.0,Medium
27,Female,Cardiac Symptoms,2,68.0,147.0,16.0,Low
39,Female,Cardiac Symptoms,5,57.0,142.0,10.1,High
83,Other,Fever/Cold,4,84.0,103.0,22.4,High
96,Female,Fever/Cold,1,67.0,118.0,47.4,Low
75,Male,Routine Checkup,4,69.0,110.0,27.1,High
14,Male,Cardiac Symptoms,4,89.0,124.0,14.7,Medium
40,Female,Cardiac Symptoms,3,90.0,135.0,18.0,Medium
38,Female,Injury/Trauma,2,64.0,110.0,30.8,Low
1,Male,Respiratory Issue,1,79.0,99.0,18.0,Low
62,Male,Routine Checkup,5,88.0,151.0,27.1,High
28,Female,Fever/Cold,3,72.0,141.0,14.1,Medium
73,Male,Fever/Cold,2,85.0,126.0,17.6,Medium
65,Male,Chronic Pain,1,70.0,98.0,35.4,Low
50,Male,Respiratory Issue,4,69.0,,29.4,Medium
74,Male,Fever/Cold,2,61.0,116.0,5.1,Low
76,Male,Cardiac Symptoms,2,100.0,75.0,48.7,Low
9,Female,Fever/Cold,2,67.0,109.0,2.9,Low
13,Male,Cardiac Symptoms,4,62.0,129.0,4.6,Medium
81,Male,Cardiac Symptoms,5,59.0,115.0,35.2,High
50,Male,Routine Checkup,3,76.0,130.0,35.5,Medium
72,Male,Fever/Cold,5,59.0,129.0,1.4,High
38,Male,Routine Checkup,1,64.0,98.0,32.3,Low
27,Female,Respiratory Issue,3,86.0,133.0,2.1,Low
2,Female,Cardiac Symptoms,1,81.0,135.0,48.1,Low
83,Male,Respiratory Issue,4,54.0,119.0,35.0,Medium
69,Male,Fever/Cold,5,85.0,120.0,9.7,High
26,Male,Respiratory Issue,2,75.0,120.0,8.3,Low
1,Female,Respiratory Issue,3,92.0,150.0,28.7,Medium
92,Female,Fever/Cold,2,96.0,127.0,31.9,Medium
37,Male,Routine Checkup,1,50.0,122.0,41.6,Low
2,Female,Routine Checkup,2,86.0,129.0,45.2,Low
15,Male,Cardiac Symptoms,2,99.0,128.0,19.9,Low
93,Female,Cardiac Symptoms,4,78.0,,42.3,Medium
39,Female,Fever/Cold,4,85.0,93.0,27.3,High
1,Female,Fever/Cold,5,78.0,,23.8,High
80,Female,Injury/Trauma,1,89.0,131.0,35.1,Low
40,Male,Injury/Trauma,4,80.0,125.0,5.6,Medium
11,Female,Chronic Pain,4,,110.0,13.6,Medium
34,Female,Cardiac Symptoms,5,73.0,116.0,40.9,High
64,Female,Respiratory Issue,3,72.0,139.0,25.5,Medium
54,Male,Chronic Pain,5,85.0,86.0,45.4,High
44,Male,Chronic Pain,2,92.0,105.0,4.9,Medium
78,Female,Routine Checkup,2,71.0,122.0,16.0,Medium
89,Female,Respiratory Issue,4,56.0,140.0,18.1,High
84,Female,Routine Checkup,4,79.0,156.0,21.4,High
61,Female,Injury/Trauma,5,63.0,137.0,49.3,High
48,Female,Chronic Pain,5,65.0,108.0,15.9,High
94,Female,Injury/Trauma,1,110.0,,26.2,Medium
24,Female,Respiratory Issue,2,64.0,157.0,27.0,Medium
22,Female,Respiratory Issue,5,51.0,103.0,38.7,Medium
23,Male,Cardiac Symptoms,3,84.0,122.0,26.1,Low
37,Male,Fever/Cold,1,85.0,117.0,30.5,Low
27,Female,Routine Checkup,5,88.0,118.0,37.8,Medium
20,Male,Cardiac Symptoms,4,87.0,96.0,5.5,Medium
53,Female,Cardiac Symptoms,5,77.0,155.0,48.2,High
17,Male,Routine Checkup,4,77.0,102.0,42.4,Medium
35,Male,Routine Checkup,4,89.0,123.0,19.7,Medium
98,Female,Respiratory Issue,2,99.0,111.0,36.6,Medium
44,Female,Respiratory Issue,2,56.0,132.0,38.2,Low
72,Male,Chronic Pain,5,65.0,115.0,42.6,High
52,Female,Injury/Trauma,5,84.0,113.0,9.8,High
29,Female,Respiratory Issue,3,78.0,141.0,35.3,Medium
59,Female,Cardiac Symptoms,1,48.0,113.0,2.2,Low
97,Male,Chronic Pain,1,66.0,148.0,6.2,Medium
31,Female,Chronic Pain,5,79.0,95.0,38.9,Medium
66,Female,Cardiac Symptoms,2,75.0,115.0,40.7,Medium
66,Male,Respiratory Issue,3,,,29.8,Medium
27,Female,Cardiac Symptoms,1,110.0,120.0,29.3,Low
43,Female,Fever/Cold,5,74.0,92.0,37.6,Medium
78,Female,Respiratory Issue,2,78.0,132.0,45.4,Medium
40,Female,Injury/Trauma,2,76.0,134.0,21.3,Low
62,Male,Cardiac Symptoms,2,78.0,150.0,6.2,Medium
22,Male,Respiratory Issue,4,75.0,136.0,42.0,Medium
74,Female,Routine Checkup,2,43.0,136.0,17.4,Medium
47,Female,Fever/Cold,5,60.0,133.0,7.1,High
31,Female,Injury/Trauma,3,70.0,115.0,30.9,Low
56,Female,Respiratory Issue,5,87.0,152.0,29.1,High
99,Male,Routine Checkup,2,70.0,131.0,24.0,Medium
32,Male,Respiratory Issue,3,62.0,169.0,43.1,Medium
23,Male,Routine Checkup,1,,155.0,14.0,Low
38,Male,Injury/Trauma,1,95.0,126.0,1.2,Low
33,Female,Fever/Cold,5,52.0,,16.5,High
55,Male,Routine Checkup,3,76.0,136.0,1.0,Low
27,Female,Chronic Pain,5,34.0,151.0,27.4,High
36,Male,Injury/Trauma,3,70.0,89.0,19.2,Low
6,Female,Injury/Trauma,3,103.0,146.0,40.8,Medium
67,Female,Cardiac Symptoms,5,76.0,127.0,40.0,High
36,Male,Fever/Cold,3,54.0,141.0,22.0,Medium
55,Male,Chronic Pain,2,,105.0,11.2,Medium
64,Male,Chronic Pain,3,61.0,104.0,21.4,Medium
64,Female,Cardiac Symptoms,3,64.0,126.0,32.2,Medium
46,Male,Routine Checkup,5,46.0,139.0,9.9,Medium
19,Female,Routine Checkup,1,79.0,95.0,38.8,Low
18,Female,Chronic Pain,4,83.0,112.0,16.9,Medium
28,Female,Fever/Cold,3,69.0,96.0,46.6,Low
73,Male,Routine Checkup,4,105.0,128.0,25.8,High
59,Female,Injury/Trauma,3,68.0,159.0,42.4,Medium
17,Male,Respiratory Issue,5,93.0,113.0,31.0,High
91,Male,Cardiac Symptoms,5,54.0,135.0,28.0,High
34,Female,Fever/Cold,3,79.0,122.0,34.3,Medium
42,Female,Routine Checkup,5,81.0,127.0,40.7,High
94,Male,Respiratory Issue,5,64.0,108.0,32.4,High
90,Male,Chronic Pain,3,77.0,133.0,40.0,High
10,Male,Cardiac Symptoms,1,64.0,115.0,9.9,Low
48,Female,Routine Checkup,3,70.0,155.0,14.2,Medium
37,Male,Chronic Pain,1,70.0,109.0,11.9,Low
63,Female,Routine Checkup,5,53.0,139.0,40.0,Medium
68,Female,Cardiac Symptoms,1,82.0,159.0,4.8,Low
7,Female,Injury/Trauma,5,83.0,143.0,39.9,Medium
33,Male,Injury/Trauma,1,69.0,101.0,19.8,Low
47,Female,Respiratory Issue,1,78.0,100.0,4.4,Low
55,Female,Chronic Pain,3,61.0,129.0,21.5,Low
75,Female,Injury/Trauma,1,56.0,121.0,15.4,Low
64,Male,Cardiac Symptoms,5,69.0,130.0,29.8,High
30,Male,Chronic Pain,3,85.0,143.0,23.9,Medium
3,Male,Routine Checkup,1,,121.0,15.2,Low
49,Female,Fever/Cold,3,68.0,107.0,43.2,Low
68,Female,Routine Checkup,4,80.0,124.0,20.6,Medium
29,Female,Cardiac Symptoms,3,61.0,150.0,23.8,Medium
87,Male,Respiratory Issue,4,56.0,120.0,42.4,Medium
58,Male,Chronic Pain,4,69.0,163.0,4.9,High
66,Male,Routine Checkup,3,62.0,137.0,19.8,Medium
74,Male,Chronic Pain,5,57.0,135.0,20.4,Medium
44,Male,Injury/Trauma,5,88.0,109.0,25.0,High
3,Female,Fever/Cold,5,108.0,117.0,5.8,High
25,Female,Cardiac Symptoms,2,51.0,130.0,5.6,Low
26,Female,Routine Checkup,4,68.0,119.0,21.1,Medium
45,Male,Fever/Cold,3,77.0,145.0,2.1,High
63,Male,Cardiac Symptoms,5,49.0,124.0,13.1,High
90,Male,Cardiac Symptoms,5,71.0,108.0,10.5,High
50,Female,Respiratory Issue,3,72.0,127.0,24.7,Low
49,Male,Injury/Trauma,4,82.0,113.0,1.1,High
5,Female,Respiratory Issue,3,63.0,134.0,33.9,Low
58,Male,Respiratory Issue,2,66.0,110.0,42.9,Low
14,Female,Chronic Pain,2,89.0,157.0,35.5,Low
29,Female,Chronic Pain,3,81.0,91.0,41.0,Low
41,Male,Fever/Cold,4,85.0,114.0,32.3,Medium
36,Female,Injury/Trauma,5,48.0,124.0,25.6,Medium
41,Male,Cardiac Symptoms,2,64.0,111.0,11.3,Low
34,Female,Injury/Trauma,2,,76.0,14.3,Low
86,Male,Injury/Trauma,4,73.0,160.0,16.2,High
5,Male,Fever/Cold,2,73.0,136.0,2.4,Low
67,Female,Chronic Pain,2,73.0,96.0,45.7,Low
17,Female,Injury/Trauma,4,98.0,99.0,45.1,Medium
72,Male,Injury/Trauma,3,63.0,92.0,5.8,Medium
28,Female,Injury/Trauma,5,85.0,119.0,28.1,High
76,Male,Routine Checkup,5,78.0,151.0,23.6,High
58,Male,Injury/Trauma,2,54.0,116.0,34.3,Low
46,Female,Injury/Trauma,5,70.0,112.0,30.3,High
16,Male,Cardiac Symptoms,3,62.0,141.0,6.7,Medium
95,Male,Respiratory Issue,2,55.0,128.0,33.2,Low
21,Female,Routine Checkup,5,92.0,120.0,30.6,High
67,Male,Injury/Trauma,1,56.0,136.0,26.8,Low
68,Female,Respiratory Issue,1,86.0,86.0,20.4,Low
36,Male,Injury/Trauma,1,62.0,131.0,47.8,Low
48,Male,Fever/Cold,1,95.0,147.0,42.5,Low
12,Male,Fever/Cold,1,68.0,97.0,29.5,Low
33,Female,Respiratory Issue,2,80.0,114.0,0.8,Low
85,Female,Routine Checkup,4,66.0,83.0,21.9,High
52,Male,Cardiac Symptoms,4,42.0,113.0,35.2,Low
86,Male,Routine Checkup,2,49.0,109.0,6.3,Medium
50,Female,Routine Checkup,2,46.0,156.0,20.6,Medium
2,Male,Fever/Cold,3,78.0,112.0,10.0,Low
41,Female,Fever/Cold,4,74.0,128.0,17.2,High
97,Male,Cardiac Symptoms,1,83.0,149.0,1.8,Medium
31,Female,Injury/Trauma,2,64.0,78.0,6.8,Low
50,Male,Cardiac Symptoms,1,42.0,124.0,23.0,Low
84,Female,Injury/Trauma,4,94.0,100.0,45.0,Medium
45,Female,Respiratory Issue,5,89.0,100.0,24.8,High
20,Male,Respiratory Issue,5,80.0,104.0,22.9,Medium
43,Male,Chronic Pain,2,91.0,112.0,39.5,Low
10,Female,Fever/Cold,3,73.0,101.0,13.8,Medium
67,Female,Chronic Pain,1,78.0,113.0,5.2,Low
0,Male,Chronic Pain,2,64.0,141.0,10.9,Low
91,Male,Fever/Cold,3,58.0,131.0,39.7,Medium
62,Female,Chronic Pain,1,51.0,176.0,34.0,Low
23,Male,Routine Checkup,4,63.0,125.0,5.0,Medium
98,Female,Injury/Trauma,5,114.0,134.0,33.5,High
12,Male,Cardiac Symptoms,3,52.0,147.0,46.6,Medium
97,Female,Fever/Cold,1,60.0,98.0,2.7,Low
10,Female,Routine Checkup,2,76.0,146.0,31.0,Low
99,Other,Respiratory Issue,1,110.0,102.0,19.3,Medium
50,Male,Cardiac Symptoms,2,59.0,130.0,25.3,Medium
16,Female,Cardiac Symptoms,5,65.0,140.0,26.6,High
98,Male,Cardiac Symptoms,5,85.0,83.0,38.7,High
81,Female,Chronic Pain,1,84.0,113.0,28.1,Low
85,Female,Chronic Pain,1,64.0,119.0,29.9,Low
23,Male,Chronic Pain,2,62.0,98.0,17.0,Low
18,Female,Chronic Pain,2,81.0,127.0,6.7,Low
36,Male,Routine Checkup,3,70.0,154.0,34.3,Medium
84,Female,Chronic Pain,3,79.0,101.0,0.5,Medium
7,Female,Fever/Cold,3,72.0,,16.8,Medium
27,Female,Cardiac Symptoms,1,80.0,130.0,11.3,Low
4,Male,Routine Checkup,3,81.0,93.0,19.7,Low
16,Male,Respiratory Issue,1,45.0,112.0,15.9,Low
35,Female,Chronic Pain,5,68.0,126.0,35.4,High
18,Male,Respiratory Issue,4,80.0,152.0,13.4,Medium
63,Male,Cardiac Symptoms,5,87.0,137.0,28.3,High
90,Male,Routine Checkup,1,70.0,,23.1,Low
97,Male,Cardiac Symptoms,1,47.0,128.0,40.2,Low
10,Female,Respiratory Issue,4,93.0,64.0,21.7,Low
53,Male,Routine Checkup,2,87.0,139.0,43.3,Low
44,Female,Injury/Trauma,2,76.0,105.0,0.5,Low
46,Male,Routine Checkup,2,68.0,99.0,30.4,Medium
11,Male,Chronic Pain,3,84.0,114.0,1.0,Low
20,Male,Respiratory Issue,2,68.0,96.0,35.8,Low
10,Male,Cardiac Symptoms,3,88.0,117.0,12.1,Low
91,Male,Cardiac Symptoms,3,101.0,142.0,19.3,High
4,Female,Cardiac Symptoms,2,67.0,,19.3,Low
80,Male,Fever/Cold,2,86.0,119.0,42.4,Low
55,Male,Fever/Cold,4,65.0,117.0,5.6,High
19,Male,Chronic Pain,4,90.0,131.0,33.5,Medium
40,Male,Injury/Trauma,3,71.0,117.0,49.1,Medium
45,Female,Fever/Cold,4,96.0,140.0,1.6,Medium
11,Female,Routine Checkup,3,70.0,148.0,48.3,Low
69,Male,Respiratory Issue,1,61.0,141.0,1.4,Low
16,Male,Chronic Pain,3,,106.0,42.1,Medium
18,Female,Injury/Trauma,3,71.0,159.0,48.1,Low
25,Male,Routine Checkup,4,78.0,98.0,49.7,Medium
47,Female,Cardiac Symptoms,1,70.0,135.0,23.2,Low
51,Male,Fever/Cold,5,78.0,144.0,43.4,High
95,Female,Routine Checkup,5,78.0,162.0,6.6,High
69,Female,Injury/Trauma,5,68.0,141.0,21.6,High
54,Female,Chronic Pain,1,79.0,106.0,15.7,Low
99,Male,Routine Checkup,2,66.0,139.0,20.1,Low
74,Male,Chronic Pain,1,104.0,118.0,35.2,Low
32,Male,Cardiac Symptoms,4,79.0,143.0,4.8,Medium
61,Male,Injury/Trauma,3,84.0,125.0,49.9,Medium
87,Male,Injury/Trauma,3,72.0,149.0,31.9,Medium
22,Male,Fever/Cold,4,64.0,121.0,43.7,Medium
14,Female,Respiratory Issue,4,87.0,140.0,41.6,Low
26,Female,Injury/Trauma,3,79.0,108.0,38.4,Low
74,Male,Routine Checkup,2,35.0,144.0,2.4,Low
63,Male,Routine Checkup,2,103.0,78.0,26.1,Low
80,Other,Routine Checkup,2,86.0,135.0,16.7,Medium
50,Female,Cardiac Symptoms,4,69.0,128.0,6.1,Medium
52,Female,Injury/Trauma,3,84.0,124.0,17.5,Medium
77,Male,Injury/Trauma,3,81.0,77.0,32.4,Medium
90,Male,Routine Checkup,3,82.0,,11.9,Medium
81,Male,Fever/Cold,1,61.0,145.0,22.5,Low
91,Male,Fever/Cold,1,76.0,104.0,20.5,Medium
50,Female,Injury/Trauma,5,79.0,91.0,3.1,Medium
46,Female,Injury/Trauma,1,93.0,99.0,31.6,Low
3,Male,Chronic Pain,2,76.0,145.0,31.1,Low
6,Female,Injury/Trauma,2,81.0,130.0,48.3,Low
34,Male,Routine Checkup,2,61.0,149.0,15.3,Low
47,Other,Respiratory Issue,2,76.0,135.0,21.2,Low
72,Other,Cardiac Symptoms,5,88.0,103.0,20.5,High
71,Male,Injury/Trauma,2,64.0,157.0,46.0,Medium
44,Male,Injury/Trauma,4,69.0,109.0,20.7,Medium
80,Female,Routine Checkup,4,60.0,104.0,22.4,Medium
80,Female,Chronic Pain,4,54.0,126.0,13.0,Medium
96,Female,Respiratory Issue,1,62.0,129.0,0.6,Low
95,Female,Injury/Trauma,3,83.0,138.0,6.0,Medium
71,Female,Fever/Cold,5,71.0,114.0,35.3,High
18,Male,Fever/Cold,4,62.0,149.0,34.3,Low
62,Male,Fever/Cold,4,107.0,108.0,16.5,High
37,Female,Cardiac Symptoms,2,64.0,99.0,23.9,Low
66,Male,Cardiac Symptoms,4,84.0,82.0,15.2,Medium
58,Female,Respiratory Issue,2,79.0,116.0,36.7,Low
68,Male,Injury/Trauma,2,78.0,137.0,42.2,Medium
12,Male,Injury/Trauma,3,47.0,135.0,45.0,Low
46,Male,Injury/Trauma,1,94.0,127.0,9.1,Low
60,Female,Cardiac Symptoms,2,79.0,,34.9,Low
30,Male,Respiratory Issue,2,88.0,145.0,48.2,Low
79,Female,Injury/Trauma,3,92.0,122.0,32.7,Medium
95,Female,Routine Checkup,2,100.0,128.0,17.9,Low
21,Female,Chronic Pain,5,60.0,97.0,32.0,Medium
92,Female,Fever/Cold,1,64.0,83.0,34.6,Medium
85,Male,Fever/Cold,5,66.0,138.0,20.2,High
42,Female,Routine Checkup,4,62.0,171.0,5.6,High
66,Male,Injury/Trauma,1,94.0,129.0,30.5,Low
53,Male,Respiratory Issue,4,59.0,138.0,40.2,High
9,Male,Respiratory Issue,2,69.0,137.0,49.9,Low
41,Female,Cardiac Symptoms,3,50.0,122.0,11.5,Medium
63,Female,Injury/Trauma,5,85.0,89.0,35.2,High
20,Female,Respiratory Issue,4,73.0,135.0,1.9,Medium
79,Female,Injury/Trauma,2,88.0,151.0,48.5,Medium
75,Female,Fever/Cold,5,85.0,131.0,1.1,High
65,Male,Fever/Cold,5,50.0,116.0,18.3,High
40,Female,Cardiac Symptoms,4,77.0,129.0,4.3,Medium
23,Male,Fever/Cold,2,58.0,120.0,31.2,Low
34,Other,Injury/Trauma,3,77.0,147.0,17.3,Medium
55,Female,Routine Checkup,4,66.0,,36.8,Medium
29,Female,Cardiac Symptoms,5,,136.0,24.6,High
56,Female,Routine Checkup,5,114.0,144.0,21.3,High
93,Male,Injury/Trauma,1,71.0,136.0,17.8,Low
46,Female,Cardiac Symptoms,2,76.0,123.0,4.8,Low
34,Male,Routine Checkup,1,40.0,91.0,10.6,Low
18,Female,Cardiac Symptoms,3,50.0,130.0,32.1,Medium
7,Female,Injury/Trauma,4,80.0,140.0,25.1,Medium
25,Female,Respiratory Issue,5,,89.0,4.0,High
70,Female,Cardiac Symptoms,2,81.0,130.0,27.4,Low
29,Male,Respiratory Issue,5,63.0,,3.2,Medium
6,Male,Injury/Trauma,1,79.0,76.0,25.8,Low
66,Female,Cardiac Symptoms,1,37.0,128.0,48.3,Low
64,Male,Cardiac Symptoms,4,65.0,149.0,15.7,High
35,Male,Respiratory Issue,2,81.0,122.0,36.3,Low
24,Female,Fever/Cold,2,100.0,80.0,37.4,Low
36,Female,Respiratory Issue,4,73.0,129.0,20.5,Medium
0,Female,Respiratory Issue,1,83.0,143.0,29.9,Low
14,Male,Respiratory Issue,1,64.0,104.0,23.9,Low
36,Female,Injury/Trauma,1,81.0,117.0,14.5,Low
12,Male,Chronic Pain,5,67.0,114.0,37.9,High
7,Female,Respiratory Issue,3,104.0,123.0,35.3,Low
4,Male,Cardiac Symptoms,1,70.0,113.0,45.1,Low
59,Female,Routine Checkup,3,72.0,148.0,31.1,Medium
72,Female,Fever/Cold,3,86.0,147.0,19.7,Medium
0,Male,Respiratory Issue,2,82.0,109.0,35.8,Low
35,Female,Respiratory Issue,4,69.0,148.0,31.1,Medium
34,Female,Fever/Cold,5,81.0,88.0,31.0,High
65,Male,Respiratory Issue,3,59.0,105.0,42.6,Medium
62,Female,Cardiac Symptoms,5,78.0,133.0,45.6,Medium
22,Male,Chronic Pain,2,,123.0,9.4,Low
8,Female,Respiratory Issue,1,68.0,,16.0,Low
33,Female,Fever/Cold,3,69.0,128.0,32.7,Low
45,Male,Respiratory Issue,4,65.0,111.0,28.1,Medium
77,Female,Injury/Trauma,2,53.0,146.0,32.8,Low
3,Male,Cardiac Symptoms,5,81.0,135.0,21.9,Medium
29,Male,Cardiac Symptoms,1,67.0,119.0,20.9,Low
94,Female,Chronic Pain,5,83.0,140.0,6.3,High
74,Female,Injury/Trauma,4,72.0,130.0,31.4,High
98,Male,Injury/Trauma,3,84.0,116.0,9.2,Medium
71,Male,Chronic Pain,4,49.0,115.0,33.7,Medium
2,Male,Routine Checkup,5,57.0,98.0,48.4,High
13,Other,Respiratory Issue,5,62.0,109.0,13.2,Medium
59,Male,Injury/Trauma,4,92.0,117.0,7.5,Medium
76,Male,Routine Checkup,4,81.0,123.0,1.7,High
44,Female,Routine Checkup,4,71.0,103.0,19.3,Medium
95,Male,Cardiac Symptoms,1,67.0,122.0,11.1,Low
33,Male,Respiratory Issue,5,83.0,110.0,24.8,Medium
44,Male,Cardiac Symptoms,2,66.0,107.0,26.5,Low
60,Male,Fever/Cold,1,86.0,131.0,17.8,Low
82,Male,Cardiac Symptoms,1,71.0,124.0,37.6,Low
15,Female,Injury/Trauma,1,94.0,118.0,45.3,Low
65,Male,Injury/Trauma,2,60.0,131.0,11.0,Low
39,Female,Respiratory Issue,4,73.0,95.0,41.9,Medium
16,Female,Routine Checkup,5,61.0,97.0,7.0,Medium
33,Female,Injury/Trauma,3,99.0,113.0,11.8,Low
15,Female,Cardiac Symptoms,3,75.0,117.0,28.3,Low
59,Male,Cardiac Symptoms,5,59.0,135.0,15.7,Medium
65,Male,Respiratory Issue,2,61.0,107.0,2.6,Low
65,Male,Cardiac Symptoms,3,82.0,107.0,15.1,Low
89,Male,Chronic Pain,1,47.0,141.0,45.3,Low
12,Female,Respiratory Issue,3,72.0,98.0,9.1,Medium
55,Female,Respiratory Issue,5,62.0,140.0,38.3,High
30,Female,Injury/Trauma,1,72.0,120.0,36.3,Low
33,Male,Respiratory Issue,3,76.0,104.0,5.8,Medium
38,Female,Fever/Cold,5,73.0,,16.8,Medium
66,Male,Injury/Trauma,2,71.0,,9.9,Medium
7,Female,Injury/Trauma,5,77.0,133.0,1.6,Medium
86,Male,Chronic Pain,2,101.0,119.0,9.1,Medium
77,Female,Injury/Trauma,1,94.0,138.0,10.5,Low
54,Male,Routine Checkup,5,69.0,137.0,8.7,High
26,Female,Cardiac Symptoms,4,85.0,136.0,5.0,Medium
92,Female,Cardiac Symptoms,4,85.0,136.0,26.6,Medium
52,Female,Respiratory Issue,4,69.0,109.0,16.5,Medium
38,Male,Chronic Pain,4,74.0,135.0,45.5,Medium
64,Female,Cardiac Symptoms,4,83.0,162.0,9.8,High
16,Female,Routine Checkup,2,64.0,139.0,30.3,Low
29,Male,Chronic Pain,5,71.0,112.0,45.1,High
52,Male,Fever/Cold,1,72.0,108.0,2.8,Low
12,Male,Cardiac Symptoms,4,70.0,,26.1,Medium
20,Male,Injury/Trauma,4,70.0,135.0,22.8,Medium
18,Female,Routine Checkup,1,81.0,123.0,46.5,Low
52,Female,Routine Checkup,1,75.0,97.0,33.4,Low
18,Male,Cardiac Symptoms,4,84.0,135.0,17.8,Medium
56,Female,Respiratory Issue,2,112.0,138.0,35.7,Medium
24,Female,Fever/Cold,1,66.0,102.0,29.3,Low
85,Male,Injury/Trauma,5,78.0,139.0,17.7,High
30,Female,Fever/Cold,5,82.0,122.0,39.4,Medium
80,Female,Fever/Cold,2,91.0,129.0,33.6,Medium
54,Female,Cardiac Symptoms,3,81.0,130.0,0.8,Medium
22,Male,Injury/Trauma,2,58.0,125.0,43.3,Low
31,Female,Cardiac Symptoms,4,65.0,112.0,20.2,Medium
61,Male,Cardiac Symptoms,3,77.0,129.0,32.4,Medium
73,Female,Respiratory Issue,4,64.0,,20.1,High
9,Male,Routine Checkup,5,52.0,126.0,44.1,Medium
99,Female,Respiratory Issue,1,62.0,114.0,32.7,Low
71,Male,Respiratory Issue,4,62.0,127.0,29.2,Medium
53,Male,Cardiac Symptoms,5,59.0,119.0,49.0,Medium
51,Female,Respiratory Issue,2,112.0,99.0,14.4,Low
19,Male,Respiratory Issue,4,79.0,130.0,3.7,Medium
31,Female,Chronic Pain,5,76.0,141.0,26.0,High
13,Female,Injury/Trauma,1,88.0,128.0,21.5,Low
49,Female,Routine Checkup,4,101.0,116.0,23.0,Medium
27,Male,Injury/Trauma,5,80.0,128.0,31.2,High
52,Female,Routine Checkup,4,90.0,106.0,30.9,Medium
23,Female,Chronic Pain,1,67.0,136.0,19.9,Low
78,Female,Cardiac Symptoms,4,61.0,137.0,43.2,High
21,Male,Routine Checkup,4,88.0,119.0,32.7,Medium
29,Female,Routine Checkup,5,88.0,122.0,44.6,High
62,Female,Routine Checkup,3,86.0,99.0,45.7,Low
3,Male,Chronic Pain,4,76.0,131.0,8.8,Medium
76,Male,Injury/Trauma,3,63.0,,34.2,Medium
58,Male,Chronic Pain,2,67.0,69.0,16.2,Low
86,Female,Routine Checkup,4,92.0,122.0,41.9,High
7,Female,Respiratory Issue,3,66.0,118.0,36.8,Low
81,Female,Routine Checkup,2,77.0,100.0,10.3,Low
11,Male,Respiratory Issue,5,63.0,139.0,47.0,High
30,Male,Cardiac Symptoms,4,72.0,111.0,34.3,High
77,Other,Chronic Pain,5,58.0,105.0,47.5,High
33,Other,Respiratory Issue,2,73.0,142.0,10.5,Low
81,Female,Chronic Pain,5,67.0,,43.6,High
97,Female,Fever/Cold,5,49.0,100.0,33.6,High
74,Male,Injury/Trauma,1,84.0,120.0,27.8,Low
75,Female,Fever/Cold,2,84.0,104.0,41.1,Medium
48,Male,Respiratory Issue,5,75.0,95.0,31.8,High
78,Male,Fever/Cold,3,58.0,93.0,33.6,Medium
56,Female,Injury/Trauma,2,58.0,134.0,13.1,Low
94,Male,Respiratory Issue,1,109.0,104.0,40.9,Low
92,Male,Cardiac Symptoms,4,35.0,100.0,32.7,Medium
25,Male,Cardiac Symptoms,5,58.0,115.0,42.3,Medium
17,Male,Injury/Trauma,3,,,17.9,Medium
95,Female,Injury/Trauma,1,111.0,129.0,16.9,Medium
85,Male,Respiratory Issue,2,100.0,136.0,1.7,Medium
37,Male,Chronic Pain,5,,101.0,38.5,High
80,Male,Respiratory Issue,1,65.0,128.0,16.9,Low
86,Male,Chronic Pain,1,49.0,120.0,16.7,Low
87,Male,Chronic Pain,3,81.0,106.0,34.6,Medium
49,Female,Chronic Pain,4,63.0,116.0,13.0,Medium
7,Male,Respiratory Issue,4,96.0,107.0,45.5,Medium
40,Female,Routine Checkup,4,47.0,123.0,27.1,Medium
5,Other,Routine Checkup,2,78.0,116.0,48.5,Low
68,Female,Cardiac Symptoms,1,88.0,107.0,4.3,Low
43,Male,Routine Checkup,2,90.0,115.0,17.2,Low
63,Male,Routine Checkup,1,87.0,137.0,19.4,Low
28,Female,Chronic Pain,3,80.0,97.0,36.7,Low
27,Female,Chronic Pain,3,76.0,109.0,11.0,Medium
10,Female,Injury/Trauma,2,88.0,126.0,19.1,Low
64,Female,Chronic Pain,2,80.0,108.0,45.6,Medium
18,Female,Respiratory Issue,3,80.0,145.0,6.2,Low
8,Female,Injury/Trauma,5,75.0,143.0,37.4,High
26,Female,Injury/Trauma,4,69.0,144.0,35.3,Medium
33,Male,Routine Checkup,4,54.0,,7.0,Medium
43,Female,Chronic Pain,3,57.0,139.0,34.6,Low
67,Female,Routine Checkup,4,69.0,120.0,28.7,High
99,Male,Chronic Pain,5,73.0,108.0,14.7,High
81,Female,Routine Checkup,5,60.0,109.0,15.9,High
14,Female,Routine Checkup,1,59.0,88.0,41.7,Low
50,Female,Routine Checkup,2,69.0,113.0,11.9,Low
12,Female,Respiratory Issue,4,88.0,,25.9,Medium
82,Male,Cardiac Symptoms,5,43.0,116.0,34.2,High
48,Female,Routine Checkup,2,60.0,170.0,6.9,Low
69,Female,Fever/Cold,2,77.0,105.0,46.7,Low
55,Female,Fever/Cold,1,94.0,115.0,13.4,Low
75,Male,Fever/Cold,2,107.0,163.0,16.3,Medium
50,Male,Respiratory Issue,2,69.0,106.0,33.5,Low
36,Female,Injury/Trauma,3,69.0,99.0,4.4,Medium
16,Male,Routine Checkup,1,72.0,116.0,31.6,Low
57,Male,Fever/Cold,1,78.0,106.0,45.8,Low
86,Female,Respiratory Issue,4,74.0,141.0,12.8,High
89,Female,Injury/Trauma,2,76.0,123.0,18.4,Medium
28,Male,Fever/Cold,4,54.0,98.0,12.0,Medium
32,Male,Chronic Pain,5,50.0,126.0,41.0,High
59,Male,Cardiac Symptoms,2,85.0,123.0,8.8,Low
90,Female,Routine Checkup,5,,92.0,17.7,High
88,Male,Cardiac Symptoms,3,87.0,128.0,30.3,Medium
54,Male,Cardiac Symptoms,2,78.0,129.0,20.5,Low
9,Female,Chronic Pain,4,53.0,93.0,3.7,Medium
46,Female,Chronic Pain,4,98.0,95.0,47.4,Medium
22,Female,Chronic Pain,2,75.0,112.0,17.2,Low
84,Male,Injury/Trauma,4,63.0,107.0,22.6,Medium
20,Male,Fever/Cold,2,66.0,131.0,8.8,Low
12,Female,Routine Checkup,1,56.0,111.0,43.3,Low
32,Male,Chronic Pain,4,79.0,116.0,14.9,Medium
23,Female,Respiratory Issue,2,73.0,98.0,1.5,Low
10,Male,Routine Checkup,2,105.0,138.0,16.2,Low
16,Male,Routine Checkup,4,82.0,104.0,49.2,Medium
67,Female,Routine Checkup,1,104.0,99.0,7.8,Low
46,Female,Chronic Pain,4,60.0,121.0,2.0,Medium
24,Female,Chronic Pain,2,70.0,,29.1,Low
93,Male,Fever/Cold,1,88.0,129.0,18.9,Medium
72,Male,Chronic Pain,5,83.0,108.0,39.9,High
20,Female,Chronic Pain,3,74.0,111.0,36.7,Medium
83,Female,Routine Checkup,4,58.0,93.0,9.7,Medium
82,Male,Fever/Cold,2,42.0,158.0,28.4,Medium
82,Male,Cardiac Symptoms,1,71.0,151.0,2.1,Low
11,Male,Chronic Pain,1,72.0,125.0,22.3,Low
36,Other,Respiratory Issue,5,76.0,,35.8,Medium
41,Female,Chronic Pain,4,53.0,97.0,21.0,Medium
16,Female,Cardiac Symptoms,1,61.0,117.0,6.3,Low
47,Male,Routine Checkup,5,80.0,137.0,3.5,Medium
27,Female,Fever/Cold,2,83.0,134.0,42.8,Low
40,Male,Routine Checkup,5,78.0,110.0,44.6,High
98,Female,Injury/Trauma,4,69.0,136.0,17.5,High
46,Female,Chronic Pain,5,57.0,,8.6,High
17,Male,Respiratory Issue,1,89.0,120.0,48.9,Low
77,Male,Injury/Trauma,1,85.0,139.0,27.5,Low
98,Male,Chronic Pain,3,66.0,153.0,24.1,High
70,Male,Injury/Trauma,5,87.0,158.0,37.2,High
12,Female,Cardiac Symptoms,2,73.0,107.0,8.9,Low
81,Female,Chronic Pain,4,64.0,128.0,29.2,Medium
12,Female,Respiratory Issue,3,88.0,134.0,44.6,Low
99,Female,Chronic Pain,5,76.0,119.0,1.6,High
30,Female,Injury/Trauma,2,68.0,144.0,33.8,Low
1,Male,Fever/Cold,3,55.0,,27.8,Low
15,Male,Injury/Trauma,1,57.0,116.0,47.6,Low
8,Other,Chronic Pain,4,87.0,93.0,13.3,Medium
72,Male,Chronic Pain,5,81.0,86.0,43.0,High
37,Female,Fever/Cold,2,57.0,112.0,15.8,Low
74,Male,Routine Checkup,1,57.0,61.0,21.8,Low
53,Female,Fever/Cold,3,106.0,,11.1,High
55,Female,Routine Checkup,4,81.0,137.0,43.2,Medium
85,Male,Respiratory Issue,3,93.0,133.0,10.2,Medium
96,Male,Chronic Pain,3,97.0,142.0,43.0,High
99,Female,Cardiac Symptoms,2,61.0,114.0,23.1,Medium
86,Male,Cardiac Symptoms,1,101.0,124.0,41.8,Low
44,Male,Injury/Trauma,5,58.0,112.0,13.6,High
33,Female,Fever/Cold,2,85.0,142.0,7.1,Low
8,Male,Fever/Cold,4,73.0,68.0,28.0,Medium
87,Female,Cardiac Symptoms,3,85.0,142.0,25.7,High
7,Female,Routine Checkup,4,71.0,83.0,18.2,Medium
6,Male,Fever/Cold,2,83.0,115.0,33.3,Low
35,Female,Routine Checkup,2,95.0,99.0,5.2,Low
17,Female,Routine Checkup,5,91.0,117.0,31.3,High
2,Male,Routine Checkup,3,74.0,108.0,11.0,Low
27,Male,Routine Checkup,2,60.0,112.0,6.9,Low
69,Male,Injury/Trauma,4,70.0,,45.5,High
43,Male,Injury/Trauma,5,81.0,124.0,23.3,High
20,Male,Cardiac Symptoms,4,84.0,139.0,38.3,Medium
27,Male,Injury/Trauma,3,91.0,128.0,4.9,Low
53,Male,Respiratory Issue,5,64.0,88.0,3.3,High
53,Female,Fever/Cold,5,,167.0,25.0,High
64,Female,Respiratory Issue,5,59.0,80.0,16.1,High
99,Female,Injury/Trauma,1,72.0,126.0,0.7,Low
20,Female,Fever/Cold,5,78.0,134.0,9.6,Medium
98,Female,Fever/Cold,4,80.0,125.0,11.3,Medium
12,Female,Routine Checkup,4,53.0,115.0,14.8,Medium
56,Female,Cardiac Symptoms,3,60.0,149.0,43.9,Medium
48,Male,Routine Checkup,2,64.0,142.0,21.3,Low
53,Female,Routine Checkup,2,101.0,119.0,34.1,Low
9,Male,Respiratory Issue,1,69.0,111.0,1.4,Low
52,Male,Injury/Trauma,5,52.0,103.0,40.8,High
43,Female,Respiratory Issue,1,80.0,105.0,12.4,Low
46,Male,Injury/Trauma,3,73.0,118.0,15.8,Low
52,Male,Respiratory Issue,3,57.0,86.0,2.7,Medium
73,Female,Fever/Cold,2,67.0,119.0,20.8,Low
45,Female,Injury/Trauma,3,69.0,136.0,42.7,Medium
12,Female,Injury/Trauma,5,73.0,108.0,19.2,Medium
36,Female,Respiratory Issue,4,88.0,119.0,45.5,Medium
23,Male,Chronic Pain,3,83.0,126.0,43.4,Low
1,Male,Fever/Cold,1,76.0,129.0,3.6,Low
85,Female,Fever/Cold,5,89.0,115.0,15.6,High
80,Male,Chronic Pain,3,68.0,155.0,45.6,Medium
99,Female,Respiratory Issue,3,64.0,120.0,2.0,High
13,Male,Respiratory Issue,5,79.0,93.0,38.4,High
9,Male,Fever/Cold,3,78.0,112.0,45.4,Medium
34,Female,Respiratory Issue,4,52.0,145.0,38.6,High
24,Female,Cardiac Symptoms,2,97.0,144.0,37.3,Medium
2,Female,Cardiac Symptoms,5,59.0,85.0,42.2,Medium
16,Female,Chronic Pain,1,82.0,114.0,33.5,Low
11,Male,Injury/Trauma,3,83.0,109.0,21.4,Medium
53,Male,Cardiac Symptoms,2,28.0,135.0,3.6,Low
23,Male,Respiratory Issue,1,78.0,97.0,39.5,Low
28,Male,Chronic Pain,1,99.0,151.0,45.3,Low
42,Male,Cardiac Symptoms,4,64.0,90.0,25.8,Medium
24,Female,Routine Checkup,2,46.0,117.0,26.9,Low
99,Male,Chronic Pain,5,73.0,95.0,20.5,High
59,Female,Fever/Cold,2,81.0,133.0,42.9,Low
89,Female,Cardiac Symptoms,2,73.0,78.0,1.2,Low
64,Male,Fever/Cold,1,60.0,116.0,31.4,Low
83,Male,Chronic Pain,4,59.0,116.0,45.4,High
27,Male,Cardiac Symptoms,4,50.0,102.0,5.6,Medium
15,Female,Fever/Cold,2,46.0,144.0,48.0,Medium
46,Male,Injury/Trauma,2,69.0,154.0,48.4,Low
80,Male,Injury/Trauma,3,81.0,111.0,46.5,Medium
91,Female,Routine Checkup,1,77.0,122.0,23.4,Low
57,Male,Respiratory Issue,5,78.0,107.0,19.5,High
75,Female,Chronic Pain,5,84.0,94.0,35.4,High
26,Female,Respiratory Issue,4,94.0,97.0,16.3,Medium
52,Female,Respiratory Issue,1,75.0,98.0,3.9,Low
41,Male,Fever/Cold,4,80.0,,45.1,High
58,Female,Routine Checkup,5,80.0,128.0,31.9,High
46,Female,Chronic Pain,2,77.0,100.0,10.8,Low
93,Male,Injury/Trauma,1,75.0,102.0,1.4,Low
33,Male,Respiratory Issue,1,76.0,100.0,36.3,Low
36,Male,Fever/Cold,3,98.0,82.0,42.7,Medium
5,Female,Respiratory Issue,2,96.0,130.0,20.6,Low
6,Female,Cardiac Symptoms,2,49.0,117.0,4.5,Low
95,Female,Injury/Trauma,4,78.0,154.0,32.6,High
95,Female,Respiratory Issue,1,75.0,78.0,15.2,Low
24,Male,Cardiac Symptoms,4,93.0,136.0,7.6,High
32,Male,Cardiac Symptoms,2,74.0,138.0,25.8,Low
54,Female,Fever/Cold,3,78.0,141.0,24.4,Medium
57,Female,Fever/Cold,1,65.0,124.0,26.1,Low
6,Male,Cardiac Symptoms,2,87.0,138.0,41.3,Low
56,Female,Routine Checkup,3,56.0,126.0,24.5,Medium
11,Female,Respiratory Issue,5,70.0,105.0,45.1,High
15,Female,Cardiac Symptoms,2,59.0,111.0,42.2,Low
79,Female,Cardiac Symptoms,5,70.0,111.0,32.7,High
42,Female,Fever/Cold,4,66.0,143.0,3.3,High
99,Male,Respiratory Issue,5,87.0,,43.3,High
76,Female,Chronic Pain,2,71.0,136.0,45.3,Medium
6,Male,Injury/Trauma,5,97.0,121.0,19.1,Medium
99,Female,Fever/Cold,1,71.0,78.0,26.5,Medium
50,Male,Respiratory Issue,2,58.0,136.0,14.4,Low
72,Female,Respiratory Issue,3,71.0,135.0,1.2,Medium
31,Female,Routine Checkup,5,82.0,125.0,24.2,High
74,Male,Injury/Trauma,1,100.0,,6.9,Low
7,Male,Fever/Cold,4,65.0,103.0,9.6,Medium
96,Other,Fever/Cold,4,99.0,,24.3,High
86,Female,Chronic Pain,5,72.0,103.0,43.4,High
88,Male,Routine Checkup,4,68.0,116.0,42.3,High
71,Other,Routine Checkup,3,86.0,137.0,48.3,Medium
44,Female,Respiratory Issue,2,96.0,128.0,24.4,Low
85,Female,Respiratory Issue,1,83.0,99.0,27.8,Low
58,Male,Fever/Cold,5,53.0,156.0,41.2,High
3,Female,Chronic Pain,4,79.0,123.0,35.1,Low
66,Female,Fever/Cold,2,107.0,106.0,9.5,Medium
28,Female,Cardiac Symptoms,3,40.0,113.0,20.2,Low
28,Female,Respiratory Issue,4,80.0,108.0,46.5,Medium
97,Female,Cardiac Symptoms,4,70.0,124.0,7.7,High
97,Female,Chronic Pain,1,60.0,93.0,10.9,Medium
27,Male,Fever/Cold,3,90.0,125.0,20.3,Low
76,Male,Respiratory Issue,3,48.0,136.0,47.0,Medium
78,Male,Chronic Pain,5,69.0,133.0,6.1,High
86,Male,Fever/Cold,1,90.0,125.0,33.8,Medium
43,Female,Fever/Cold,5,,131.0,7.0,High
89,Female,Cardiac Symptoms,1,83.0,127.0,26.5,Low
3,Female,Injury/Trauma,3,77.0,140.0,27.1,Low
89,Male,Routine Checkup,1,73.0,115.0,2.6,Low
8,Female,Respiratory Issue,1,67.0,101.0,47.7,Low
4,Male,Routine Checkup,1,60.0,127.0,40.4,Low
55,Male,Chronic Pain,2,87.0,141.0,15.5,Low
95,Male,Routine Checkup,2,78.0,112.0,7.0,Low
83,Female,Cardiac Symptoms,3,87.0,151.0,17.6,Medium
49,Male,Injury/Trauma,1,63.0,127.0,44.8,Low
74,Female,Respiratory Issue,3,62.0,138.0,7.1,Low
14,Male,Fever/Cold,2,82.0,96.0,17.8,Low
31,Female,Fever/Cold,1,40.0,135.0,25.0,Low
27,Female,Cardiac Symptoms,5,37.0,129.0,2.1,High
21,Female,Respiratory Issue,2,90.0,162.0,13.8,Low
16,Female,Routine Checkup,2,64.0,130.0,30.0,Low
58,Female,Fever/Cold,2,77.0,133.0,16.5,Low
89,Female,Routine Checkup,1,80.0,,43.6,Low
70,Female,Cardiac Symptoms,4,90.0,126.0,46.9,Medium
56,Male,Fever/Cold,5,68.0,142.0,22.4,High
25,Male,Chronic Pain,5,69.0,113.0,26.8,High
24,Male,Injury/Trauma,3,65.0,105.0,31.7,Medium
9,Female,Routine Checkup,1,84.0,160.0,33.4,Low
44,Female,Respiratory Issue,2,84.0,114.0,3.6,Low
82,Female,Routine Checkup,4,94.0,138.0,3.2,High
10,Female,Routine Checkup,1,56.0,110.0,43.3,Low
76,Male,Routine Checkup,1,108.0,111.0,11.4,Low
52,Female,Cardiac Symptoms,4,70.0,117.0,29.4,High
71,Female,Cardiac Symptoms,2,74.0,131.0,31.4,Medium
67,Male,Respiratory Issue,1,77.0,143.0,8.6,Low
94,Female,Cardiac Symptoms,5,61.0,108.0,38.2,High
27,Male,Respiratory Issue,5,68.0,142.0,43.4,High
74,Female,Respiratory Issue,4,96.0,122.0,14.6,High
64,Male,Cardiac Symptoms,2,97.0,116.0,44.0,Low
48,Female,Fever/Cold,4,78.0,131.0,4.5,High
46,Female,Cardiac Symptoms,1,90.0,148.0,40.1,Low
51,Male,Fever/Cold,5,81.0,130.0,32.2,High
87,Male,Chronic Pain,3,74.0,105.0,29.4,Medium
53,Female,Cardiac Symptoms,4,63.0,122.0,11.9,Medium
59,Female,Chronic Pain,3,62.0,131.0,18.4,Medium
56,Female,Cardiac Symptoms,3,63.0,108.0,45.6,Medium
46,Female,Chronic Pain,5,99.0,,23.6,High
30,Male,Injury/Trauma,4,88.0,105.0,29.9,Medium
45,Female,Chronic Pain,3,96.0,132.0,46.8,Medium
25,Female,Fever/Cold,1,80.0,149.0,23.6,Low
4,Female,Routine Checkup,2,61.0,118.0,19.7,Low
83,Male,Respiratory Issue,2,84.0,134.0,44.7,Low
51,Female,Chronic Pain,5,94.0,140.0,45.6,High
74,Female,Routine Checkup,4,84.0,111.0,18.1,Medium
53,Female,Injury/Trauma,4,55.0,128.0,29.8,Medium
32,Female,Injury/Trauma,2,52.0,142.0,48.2,Medium
49,Female,Fever/Cold,1,84.0,152.0,3.2,Low
37,Female,Fever/Cold,2,70.0,114.0,2.5,Low
26,Male,Chronic Pain,2,79.0,97.0,26.1,Low
97,Female,Cardiac Symptoms,4,64.0,131.0,14.9,High
14,Male,Injury/Trauma,3,76.0,124.0,29.3,Low
95,Male,Routine Checkup,1,58.0,120.0,36.4,Low
60,Male,Cardiac Symptoms,4,78.0,109.0,3.9,Medium
20,Female,Injury/Trauma,2,85.0,137.0,44.2,Medium
45,Male,Chronic Pain,3,86.0,108.0,14.2,Medium
68,Male,Injury/Trauma,1,55.0,106.0,19.4,Low
5,Female,Fever/Cold,5,82.0,117.0,17.2,High
37,Male,Routine Checkup,1,66.0,138.0,42.1,Low
61,Male,Routine Checkup,1,97.0,92.0,8.9,Low
85,Female,Fever/Cold,2,89.0,99.0,1.9,Low
61,Female,Cardiac Symptoms,2,75.0,103.0,48.6,Low
81,Male,Fever/Cold,5,107.0,159.0,49.0,High
77,Female,Routine Checkup,5,64.0,125.0,13.3,High
73,Female,Chronic Pain,5,74.0,99.0,1.0,High
45,Male,Cardiac Symptoms,4,83.0,117.0,32.5,Medium
12,Female,Respiratory Issue,4,105.0,135.0,32.6,Medium
94,Female,Injury/Trauma,2,96.0,159.0,47.0,Medium
93,Male,Respiratory Issue,2,87.0,89.0,15.3,Medium
2,Male,Chronic Pain,5,61.0,98.0,9.9,Medium
93,Female,Respiratory Issue,4,61.0,113.0,31.0,High
5,Female,Cardiac Symptoms,3,85.0,113.0,28.4,Low
92,Male,Routine Checkup,4,56.0,,36.0,High
7,Female,Routine Checkup,2,79.0,117.0,44.3,Low
43,Female,Chronic Pain,4,87.0,160.0,28.2,High
32,Female,Respiratory Issue,2,52.0,94.0,7.9,Medium
80,Female,Cardiac Symptoms,5,84.0,123.0,30.1,High
74,Male,Injury/Trauma,5,88.0,131.0,19.0,Medium
76,Female,Respiratory Issue,5,69.0,90.0,22.9,High
49,Female,Respiratory Issue,3,72.0,148.0,48.0,Medium
10,Male,Injury/Trauma,3,48.0,116.0,28.0,Low
94,Female,Fever/Cold,2,73.0,98.0,7.9,Medium
27,Female,Chronic Pain,1,52.0,150.0,22.4,Low
69,Male,Cardiac Symptoms,3,64.0,133.0,11.8,Medium
40,Female,Chronic Pain,2,68.0,109.0,7.2,Low
15,Male,Injury/Trauma,4,57.0,134.0,35.8,Medium
67,Male,Cardiac Symptoms,5,56.0,127.0,31.6,High
98,Male,Routine Checkup,5,,89.0,25.1,High
47,Male,Routine Checkup,5,93.0,91.0,21.5,High
55,Female,Cardiac Symptoms,2,73.0,126.0,16.4,Low
63,Male,Chronic Pain,5,93.0,84.0,4.9,High
58,Female,Chronic Pain,3,,140.0,15.3,Medium
89,Male,Routine Checkup,4,69.0,92.0,42.0,Medium
61,Female,Routine Checkup,5,68.0,138.0,39.3,High
75,Female,Injury/Trauma,2,30.0,148.0,48.6,Medium
10,Female,Cardiac Symptoms,4,82.0,129.0,33.0,Medium
88,Male,Chronic Pain,5,73.0,46.0,27.9,High
17,Male,Injury/Trauma,1,75.0,142.0,15.2,Low
18,Male,Chronic Pain,5,43.0,111.0,4.3,High
86,Female,Routine Checkup,3,74.0,118.0,31.1,High
54,Female,Cardiac Symptoms,4,68.0,105.0,24.7,Medium
81,Female,Fever/Cold,3,76.0,153.0,38.1,Medium
25,Female,Cardiac Symptoms,1,73.0,123.0,20.9,Low
5,Male,Respiratory Issue,1,,111.0,49.3,Low
3,Female,Fever/Cold,3,83.0,146.0,20.2,Low
28,Female,Injury/Trauma,4,90.0,137.0,17.0,Medium
58,Female,Fever/Cold,1,68.0,97.0,43.6,Low
97,Female,Fever/Cold,1,,126.0,20.1,Low
16,Male,Injury/Trauma,5,54.0,124.0,43.6,Medium
42,Male,Cardiac Symptoms,2,81.0,90.0,1.9,Low
79,Female,Injury/Trauma,1,94.0,136.0,34.8,Low
65,Female,Respiratory Issue,4,47.0,119.0,4.1,High
33,Male,Routine Checkup,4,59.0,163.0,7.8,High
7,Female,Routine Checkup,5,70.0,148.0,35.2,High
12,Male,Fever/Cold,4,44.0,124.0,14.8,Medium
7,Female,Injury/Trauma,5,73.0,118.0,10.9,High
93,Other,Injury/Trauma,1,,79.0,40.2,Low
95,Female,Injury/Trauma,1,82.0,136.0,47.3,Low
99,Female,Respiratory Issue,1,69.0,118.0,12.0,Low
93,Male,Respiratory Issue,1,69.0,,16.2,Low
64,Male,Cardiac Symptoms,2,59.0,120.0,35.8,Low
42,Female,Chronic Pain,2,48.0,,40.9,Low
38,Male,Chronic Pain,1,72.0,147.0,50.0,Low
80,Male,Chronic Pain,4,81.0,147.0,14.0,High
58,Female,Cardiac Symptoms,5,75.0,99.0,28.1,High
83,Male,Injury/Trauma,3,91.0,151.0,7.1,Medium
87,Female,Chronic Pain,5,80.0,110.0,16.9,High
85,Female,Injury/Trauma,3,84.0,134.0,2.7,Medium
92,Female,Fever/Cold,3,77.0,132.0,10.9,Medium
85,Female,Chronic Pain,1,102.0,117.0,25.6,Medium
43,Female,Fever/Cold,3,67.0,124.0,8.6,Medium
8,Female,Cardiac Symptoms,1,85.0,87.0,44.5,Low
36,Female,Routine Checkup,2,78.0,121.0,35.7,Low
73,Male,Respiratory Issue,4,86.0,115.0,1.9,Medium
35,Female,Cardiac Symptoms,3,80.0,163.0,43.9,Medium
91,Female,Cardiac Symptoms,4,74.0,120.0,48.9,High
27,Male,Cardiac Symptoms,1,80.0,105.0,25.3,Low
41,Male,Chronic Pain,3,82.0,122.0,16.1,Low
42,Female,Fever/Cold,5,84.0,106.0,13.5,High
84,Male,Respiratory Issue,2,96.0,91.0,4.8,Medium
87,Female,Chronic Pain,2,77.0,128.0,24.8,Low
41,Female,Routine Checkup,3,58.0,120.0,3.0,Low
65,Male,Respiratory Issue,2,77.0,139.0,25.4,Low
54,Female,Cardiac Symptoms,5,68.0,149.0,13.0,High
71,Male,Injury/Trauma,4,67.0,157.0,24.1,High
47,Female,Routine Checkup,5,70.0,124.0,21.2,High
90,Male,Fever/Cold,2,61.0,133.0,15.6,Low
21,Female,Routine Checkup,4,39.0,125.0,22.7,Medium
26,Male,Chronic Pain,5,97.0,73.0,24.0,Medium
92,Male,Injury/Trauma,1,67.0,144.0,41.8,Low
66,Male,Chronic Pain,1,49.0,130.0,33.5,Low
12,Male,Respiratory Issue,4,77.0,131.0,21.9,Medium
44,Female,Cardiac Symptoms,4,84.0,109.0,45.3,Medium
9,Male,Cardiac Symptoms,4,72.0,107.0,37.9,Medium
99,Female,Routine Checkup,1,55.0,118.0,4.2,Medium
8,Female,Cardiac Symptoms,5,53.0,131.0,8.1,Medium
53,Female,Cardiac Symptoms,4,109.0,80.0,4.5,Medium
26,Female,Respiratory Issue,1,53.0,124.0,16.3,Low
33,Female,Fever/Cold,4,50.0,153.0,22.1,High
0,Male,Fever/Cold,4,70.0,117.0,25.5,Medium
31,Male,Chronic Pain,4,87.0,80.0,42.6,Medium
88,Female,Chronic Pain,1,99.0,116.0,1.4,Low
92,Female,Fever/Cold,5,71.0,125.0,21.7,High
70,Female,Routine Checkup,1,71.0,127.0,20.8,Low
66,Male,Fever/Cold,1,55.0,123.0,47.4,Low
83,Male,Chronic Pain,4,91.0,158.0,12.4,High
19,Male,Injury/Trauma,3,73.0,122.0,6.6,Medium
93,Female,Cardiac Symptoms,3,74.0,,7.5,Medium
34,Female,Respiratory Issue,3,81.0,108.0,26.2,Low
98,Male,Injury/Trauma,1,79.0,138.0,19.8,Low
90,Female,Injury/Trauma,4,72.0,153.0,37.8,High
89,Female,Cardiac Symptoms,3,,107.0,16.5,Medium
77,Female,Fever/Cold,2,50.0,117.0,6.8,Medium
16,Male,Routine Checkup,2,78.0,73.0,19.7,Low
17,Female,Injury/Trauma,2,81.0,103.0,44.2,Low
44,Female,Routine Checkup,5,68.0,159.0,20.6,High
92,Female,Respiratory Issue,4,84.0,,41.8,High
83,Female,Respiratory Issue,1,84.0,124.0,18.9,Low
52,Male,Respiratory Issue,1,91.0,105.0,14.4,Low
90,Male,Chronic Pain,4,73.0,128.0,38.9,High
81,Female,Injury/Trauma,5,71.0,116.0,10.9,High
67,Male,Respiratory Issue,4,83.0,128.0,12.0,Medium
64,Female,Chronic Pain,5,72.0,122.0,3.0,High
0,Female,Respiratory Issue,3,52.0,148.0,9.8,Medium
57,Female,Fever/Cold,3,87.0,123.0,19.3,Medium
25,Male,Injury/Trauma,5,47.0,103.0,20.3,High
19,Male,Chronic Pain,4,81.0,107.0,21.3,Medium
86,Female,Respiratory Issue,3,113.0,82.0,24.2,High
9,Male,Chronic Pain,4,82.0,122.0,28.8,Medium
58,Female,Respiratory Issue,3,64.0,118.0,9.9,Low
74,Female,Fever/Cold,4,68.0,150.0,30.9,High
40,Male,Routine Checkup,4,80.0,96.0,17.2,Medium
4,Female,Respiratory Issue,2,74.0,106.0,36.8,Low
64,Male,Routine Checkup,5,86.0,,28.1,High
16,Male,Injury/Trauma,1,96.0,114.0,27.9,Low
21,Female,Fever/Cold,5,94.0,94.0,34.4,Medium
97,Other,Injury/Trauma,4,57.0,114.0,17.0,Medium
40,Female,Routine Checkup,4,75.0,120.0,21.7,Medium
92,Female,Fever/Cold,5,82.0,120.0,29.4,High
67,Female,Cardiac Symptoms,4,97.0,145.0,21.4,High
68,Male,Fever/Cold,3,80.0,119.0,22.5,Medium
10,Male,Fever/Cold,4,64.0,118.0,14.0,Medium
55,Female,Cardiac Symptoms,5,,142.0,14.7,High
50,Male,Chronic Pain,5,,119.0,35.1,High
20,Female,Chronic Pain,5,71.0,95.0,0.7,High
98,Female,Chronic Pain,2,64.0,98.0,5.2,Medium
75,Female,Routine Checkup,2,74.0,98.0,47.5,Medium
25,Female,Fever/Cold,2,65.0,95.0,9.8,Low
18,Male,Respiratory Issue,2,87.0,159.0,21.2,Low
59,Male,Cardiac Symptoms,2,65.0,98.0,42.6,Medium
70,Female,Respiratory Issue,2,94.0,119.0,0.5,Medium
46,Female,Routine Checkup,2,82.0,121.0,46.3,Low
70,Female,Cardiac Symptoms,5,85.0,116.0,3.1,High
25,Female,Respiratory Issue,1,85.0,104.0,9.0,Low
39,Male,Routine Checkup,2,87.0,129.0,1.9,Low
4,Female,Routine Checkup,5,70.0,89.0,26.2,Medium
20,Female,Routine Checkup,1,60.0,98.0,47.2,Low
77,Male,Cardiac Symptoms,2,67.0,142.0,42.0,Medium
3,Male,Respiratory Issue,1,88.0,,32.2,Low
22,Female,Respiratory Issue,1,48.0,145.0,9.7,Low
83,Female,Injury/Trauma,3,45.0,147.0,43.5,High
14,Male,Routine Checkup,4,78.0,148.0,37.9,Medium
92,Female,Chronic Pain,3,87.0,136.0,13.7,Medium
7,Male,Fever/Cold,1,89.0,92.0,40.4,Low
40,Male,Injury/Trauma,5,60.0,89.0,43.9,High
18,Female,Injury/Trauma,2,57.0,97.0,35.1,Low
45,Female,Cardiac Symptoms,4,64.0,100.0,5.5,Medium
27,Female,Injury/Trauma,2,69.0,93.0,49.2,Low
90,Male,Respiratory Issue,5,69.0,106.0,4.3,High
67,Male,Cardiac Symptoms,4,76.0,135.0,32.9,Medium
14,Male,Cardiac Symptoms,3,96.0,133.0,6.0,Medium
98,Male,Chronic Pain,1,74.0,125.0,45.3,Low
36,Male,Routine Checkup,5,89.0,115.0,17.8,High
0,Male,Injury/Trauma,1,84.0,118.0,25.8,Low
66,Male,Routine Checkup,1,64.0,126.0,9.3,Low
23,Male,Routine Checkup,2,84.0,110.0,27.6,Low
26,Female,Routine Checkup,5,,139.0,47.0,Medium
39,Male,Cardiac Symptoms,1,74.0,93.0,45.1,Low
62,Male,Routine Checkup,3,77.0,104.0,3.7,Medium
60,Female,Injury/Trauma,4,74.0,101.0,19.2,Medium
35,Male,Cardiac Symptoms,5,58.0,,13.7,Medium
97,Female,Injury/Trauma,2,110.0,95.0,24.3,Medium
92,Male,Cardiac Symptoms,5,90.0,101.0,41.8,High
23,Male,Fever/Cold,2,82.0,128.0,37.1,Low
23,Male,Fever/Cold,4,68.0,102.0,17.5,Medium
3,Male,Fever/Cold,3,73.0,136.0,19.4,Low
66,Female,Fever/Cold,1,57.0,136.0,32.9,Low
33,Female,Cardiac Symptoms,5,82.0,109.0,10.1,Medium
56,Male,Routine Checkup,2,80.0,122.0,5.6,Low
48,Male,Chronic Pain,4,71.0,161.0,12.5,High
86,Female,Respiratory Issue,1,75.0,137.0,6.6,Low
52,Male,Chronic Pain,4,70.0,129.0,17.9,Medium
22,Female,Fever/Cold,3,67.0,151.0,46.9,Medium
68,Male,Routine Checkup,1,63.0,100.0,6.5,Low
94,Female,Injury/Trauma,1,59.0,145.0,41.0,Medium
52,Male,Routine Checkup,1,64.0,127.0,27.0,Low
61,Male,Injury/Trauma,2,65.0,149.0,31.8,Medium
40,Female,Chronic Pain,1,91.0,109.0,8.9,Low
56,Female,Routine Checkup,4,65.0,147.0,8.0,High
59,Female,Routine Checkup,2,44.0,85.0,8.6,Low
53,Female,Respiratory Issue,1,79.0,112.0,33.5,Low
69,Female,Chronic Pain,4,84.0,125.0,37.5,Medium
56,Male,Routine Checkup,4,89.0,133.0,46.1,Medium
9,Female,Injury/Trauma,5,77.0,78.0,20.2,High
39,Male,Routine Checkup,4,57.0,95.0,23.4,Medium
6,Female,Injury/Trauma,3,63.0,98.0,23.7,Low
37,Other,Fever/Cold,1,84.0,101.0,13.9,Low
84,Male,Routine Checkup,1,96.0,104.0,16.7,Low
60,Male,Injury/Trauma,1,57.0,123.0,42.4,Low
83,Male,Chronic Pain,4,78.0,149.0,17.5,High
2,Male,Fever/Cold,4,66.0,112.0,43.5,Medium
50,Female,Routine Checkup,1,62.0,150.0,15.6,Low
85,Male,Respiratory Issue,2,75.0,121.0,17.3,Medium
46,Male,Injury/Trauma,2,72.0,115.0,28.2,Low
67,Female,Respiratory Issue,3,44.0,140.0,5.6,Medium
91,Female,Routine Checkup,5,78.0,116.0,46.1,High
75,Female,Injury/Trauma,3,79.0,,41.1,Medium
37,Female,Routine Checkup,1,86.0,146.0,33.7,Low
35,Female,Fever/Cold,1,66.0,119.0,49.4,Low
40,Female,Fever/Cold,1,51.0,155.0,1.3,Low
68,Female,Routine Checkup,5,68.0,112.0,20.8,High
12,Female,Routine Checkup,4,85.0,93.0,43.0,Medium
86,Male,Cardiac Symptoms,5,73.0,104.0,21.9,High
57,Male,Routine Checkup,3,87.0,106.0,0.8,Medium
49,Female,Routine Checkup,4,55.0,118.0,8.3,Medium
29,Female,Respiratory Issue,4,87.0,104.0,22.0,Medium
61,Female,Respiratory Issue,3,78.0,94.0,33.6,Low
24,Other,Fever/Cold,4,69.0,113.0,8.6,Medium
26,Female,Respiratory Issue,2,91.0,121.0,22.7,Low
50,Female,Routine Checkup,3,78.0,128.0,1.1,Medium
77,Female,Chronic Pain,3,60.0,119.0,24.1,Medium
56,Female,Routine Checkup,2,89.0,147.0,44.8,Medium
46,Male,Cardiac Symptoms,5,71.0,121.0,30.0,High
99,Male,Injury/Trauma,5,75.0,76.0,22.3,High
38,Female,Fever/Cold,5,62.0,125.0,8.5,High
15,Male,Respiratory Issue,4,74.0,120.0,10.5,Medium
21,Female,Chronic Pain,2,60.0,134.0,4.3,Low
84,Male,Injury/Trauma,3,72.0,,37.2,Medium
53,Female,Chronic Pain,3,75.0,141.0,4.3,Medium
20,Female,Fever/Cold,3,84.0,125.0,19.5,Medium
71,Female,Respiratory Issue,4,53.0,122.0,37.6,High
15,Male,Cardiac Symptoms,4,90.0,138.0,35.8,Medium
58,Female,Fever/Cold,5,90.0,143.0,29.1,High
30,Female,Chronic Pain,4,72.0,141.0,28.8,Medium
41,Male,Chronic Pain,5,76.0,73.0,5.0,High
73,Female,Fever/Cold,5,79.0,91.0,9.2,High
31,Male,Routine Checkup,3,76.0,111.0,27.0,Medium
58,Male,Fever/Cold,4,84.0,96.0,17.7,Medium
33,Male,Respiratory Issue,5,69.0,106.0,1.4,Medium
8,Female,Respiratory Issue,2,63.0,118.0,40.0,Low
80,Female,Cardiac Symptoms,2,81.0,110.0,32.9,Low
10,Female,Fever/Cold,4,52.0,119.0,16.6,Medium
95,Male,Injury/Trauma,3,84.0,147.0,5.4,Medium
9,Male,Respiratory Issue,3,85.0,155.0,29.8,Medium
85,Female,Respiratory Issue,5,63.0,,17.8,High
16,Female,Respiratory Issue,4,96.0,146.0,13.1,High
67,Female,Routine Checkup,2,69.0,112.0,36.2,Low
47,Male,Injury/Trauma,5,68.0,107.0,16.7,Medium
51,Male,Fever/Cold,5,65.0,118.0,7.2,Medium
24,Female,Routine Checkup,1,81.0,113.0,24.3,Low
20,Female,Respiratory Issue,4,69.0,133.0,41.5,Medium
64,Male,Injury/Trauma,5,53.0,120.0,42.6,High
62,Male,Injury/Trauma,2,80.0,150.0,42.5,Medium
88,Female,Routine Checkup,1,70.0,122.0,21.3,Low
50,Male,Respiratory Issue,2,91.0,105.0,39.7,Low
35,Female,Routine Checkup,3,79.0,110.0,42.6,Medium
80,Male,Chronic Pain,1,78.0,108.0,23.2,Low
87,Male,Respiratory Issue,1,90.0,134.0,16.3,Medium
65,Other,Routine Checkup,5,77.0,117.0,35.2,High
14,Male,Fever/Cold,3,86.0,122.0,45.3,Low
95,Female,Respiratory Issue,5,65.0,128.0,48.6,High
38,Female,Cardiac Symptoms,4,99.0,130.0,14.9,Medium
69,Male,Respiratory Issue,2,79.0,141.0,47.8,Medium
0,Male,Chronic Pain,2,56.0,126.0,25.2,Low
22,Female,Routine Checkup,5,77.0,100.0,15.6,Medium
38,Female,Cardiac Symptoms,2,77.0,110.0,49.4,Low
56,Male,Chronic Pain,2,76.0,110.0,44.0,Low
80,Male,Fever/Cold,4,40.0,105.0,34.8,High
33,Female,Respiratory Issue,3,,140.0,44.8,Low
40,Female,Cardiac Symptoms,1,54.0,,34.2,Low
92,Female,Routine Checkup,5,54.0,123.0,22.3,High
72,Male,Routine Checkup,5,77.0,126.0,47.4,High
12,Female,Fever/Cold,4,66.0,124.0,48.2,Medium
69,Female,Chronic Pain,4,69.0,126.0,16.1,Medium
5,Female,Cardiac Symptoms,1,61.0,168.0,18.0,Low
83,Female,Fever/Cold,3,95.0,,19.4,Medium
51,Female,Chronic Pain,5,75.0,101.0,41.2,High
2,Female,Injury/Trauma,4,52.0,126.0,39.7,Low
80,Female,Injury/Trauma,5,84.0,122.0,49.2,High
62,Male,Chronic Pain,2,69.0,92.0,23.5,Low
48,Male,Routine Checkup,5,92.0,72.0,37.0,Medium
75,Male,Routine Checkup,3,74.0,122.0,42.9,Medium
46,Male,Injury/Trauma,3,64.0,114.0,11.5,Low
54,Male,Routine Checkup,5,66.0,,31.2,High
63,Female,Routine Checkup,2,68.0,109.0,27.6,Low
64,Male,Chronic Pain,3,82.0,114.0,37.3,Medium
80,Female,Respiratory Issue,4,63.0,108.0,34.9,Medium
66,Female,Chronic Pain,5,93.0,125.0,40.7,High
89,Male,Routine Checkup,2,80.0,123.0,15.9,Medium
14,Female,Chronic Pain,4,78.0,135.0,11.2,Medium
99,Female,Cardiac Symptoms,5,76.0,143.0,40.4,High
31,Male,Injury/Trauma,2,74.0,132.0,18.3,Low
95,Male,Respiratory Issue,4,55.0,106.0,14.7,Medium
67,Male,Cardiac Symptoms,3,79.0,123.0,17.2,Medium
17,Female,Cardiac Symptoms,5,103.0,87.0,3.8,Medium
82,Male,Routine Checkup,5,85.0,110.0,38.8,High
42,Female,Routine Checkup,3,81.0,69.0,35.9,Medium
34,Female,Cardiac Symptoms,1,51.0,112.0,27.9,Low
77,Male,Cardiac Symptoms,4,91.0,109.0,35.9,High
57,Female,Fever/Cold,3,87.0,133.0,19.0,Medium
32,Male,Fever/Cold,5,92.0,100.0,15.1,High
13,Female,Injury/Trauma,4,61.0,123.0,43.2,Medium
33,Male,Cardiac Symptoms,4,69.0,,21.4,High
60,Female,Chronic Pain,1,52.0,111.0,10.2,Low
3,Male,Respiratory Issue,5,51.0,104.0,37.6,High
87,Female,Fever/Cold,2,66.0,126.0,17.1,Medium
58,Female,Routine Checkup,1,82.0,116.0,11.0,Low
28,Male,Cardiac Symptoms,1,68.0,100.0,1.8,Low
82,Female,Chronic Pain,2,64.0,122.0,48.5,Medium
5,Male,Respiratory Issue,2,80.0,126.0,23.6,Low
96,Female,Chronic Pain,1,26.0,150.0,8.5,Medium
48,Female,Chronic Pain,4,66.0,108.0,38.0,Medium
39,Male,Routine Checkup,3,80.0,112.0,44.4,Medium
82,Male,Fever/Cold,3,68.0,94.0,26.6,High
64,Male,Chronic Pain,1,94.0,111.0,1.9,Low
68,Female,Respiratory Issue,4,65.0,98.0,18.6,High
26,Male,Fever/Cold,2,66.0,142.0,12.5,Low
79,Male,Injury/Trauma,1,60.0,130.0,32.0,Low
5,Male,Routine Checkup,5,63.0,98.0,26.2,Medium
12,Male,Fever/Cold,4,79.0,100.0,18.1,High
63,Other,Fever/Cold,5,87.0,108.0,32.6,High
61,Male,Chronic Pain,5,107.0,145.0,29.4,High
98,Female,Respiratory Issue,1,83.0,107.0,45.4,Low
18,Female,Chronic Pain,4,57.0,116.0,30.0,Medium
75,Female,Respiratory Issue,5,93.0,150.0,25.6,High
79,Male,Routine Checkup,4,82.0,128.0,41.3,High
42,Female,Fever/Cold,3,75.0,91.0,10.5,Medium
73,Female,Cardiac Symptoms,5,91.0,83.0,12.6,High
88,Male,Respiratory Issue,5,110.0,121.0,39.3,High
19,Male,Respiratory Issue,4,72.0,166.0,22.4,Medium
94,Male,Chronic Pain,3,62.0,147.0,20.8,High
67,Male,Chronic Pain,5,94.0,127.0,44.4,Medium
43,Male,Injury/Trauma,1,114.0,135.0,30.7,Low
22,Female,Respiratory Issue,4,77.0,137.0,40.2,Medium
1,Male,Routine Checkup,4,,87.0,40.6,Medium
21,Female,Fever/Cold,5,77.0,124.0,6.4,High
56,Female,Fever/Cold,3,81.0,146.0,32.9,Medium
71,Female,Fever/Cold,5,53.0,161.0,47.6,High
6,Female,Respiratory Issue,2,79.0,130.0,24.3,Low
77,Male,Chronic Pain,5,79.0,92.0,36.7,High
55,Female,Routine Checkup,2,78.0,131.0,28.6,Low
66,Female,Fever/Cold,1,77.0,131.0,10.6,Low
15,Female,Respiratory Issue,4,76.0,137.0,10.2,Low
82,Female,Cardiac Symptoms,4,43.0,128.0,22.0,Medium
50,Male,Injury/Trauma,3,64.0,157.0,24.4,Medium
81,Male,Injury/Trauma,5,87.0,123.0,25.4,High
79,Female,Fever/Cold,1,91.0,121.0,47.8,Low
71,Female,Chronic Pain,2,68.0,114.0,5.5,Low
96,Female,Injury/Trauma,3,60.0,121.0,19.3,Medium
11,Other,Injury/Trauma,1,85.0,125.0,26.0,Low
52,Male,Injury/Trauma,1,79.0,122.0,48.2,Low
74,Male,Injury/Trauma,2,73.0,135.0,25.5,Low
4,Male,Fever/Cold,2,87.0,78.0,38.9,Low
26,Male,Respiratory Issue,4,57.0,117.0,37.6,Low
11,Female,Routine Checkup,5,92.0,130.0,28.5,High
16,Female,Routine Checkup,3,52.0,125.0,7.0,Medium
5,Male,Chronic Pain,5,62.0,94.0,11.3,Medium
96,Male,Respiratory Issue,3,59.0,130.0,12.4,Medium
4,Male,Cardiac Symptoms,1,66.0,120.0,2.4,Low
56,Male,Routine Checkup,2,79.0,135.0,19.3,Low
27,Female,Cardiac Symptoms,2,85.0,131.0,30.7,Low
77,Male,Routine Checkup,1,73.0,126.0,7.6,Low
68,Female,Routine Checkup,1,55.0,120.0,9.2,Low
58,Female,Chronic Pain,3,44.0,125.0,35.5,Medium
32,Female,Injury/Trauma,1,87.0,125.0,8.9,Low
61,Male,Chronic Pain,3,85.0,146.0,7.2,Medium
49,Female,Routine Checkup,5,91.0,,48.9,High
18,Female,Respiratory Issue,2,73.0,98.0,1.2,Low
85,Female,Injury/Trauma,2,85.0,66.0,16.6,Low
68,Male,Respiratory Issue,2,65.0,109.0,2.2,Medium
65,Male,Respiratory Issue,5,82.0,101.0,42.0,High
93,Female,Respiratory Issue,5,67.0,136.0,29.4,High
46,Male,Injury/Trauma,4,62.0,,2.9,High
38,Male,Respiratory Issue,3,78.0,136.0,31.0,Medium
67,Female,Injury/Trauma,3,77.0,113.0,6.6,Medium
32,Male,Cardiac Symptoms,4,88.0,134.0,25.0,Medium
12,Male,Routine Checkup,2,55.0,144.0,33.6,Medium
83,Male,Fever/Cold,3,88.0,,7.9,Medium
53,Female,Respiratory Issue,3,76.0,131.0,25.1,Medium
6,Male,Chronic Pain,2,,117.0,23.1,Low
78,Female,Cardiac Symptoms,1,90.0,95.0,45.8,Low
86,Male,Chronic Pain,1,38.0,141.0,49.8,Low
13,Male,Fever/Cold,4,90.0,153.0,32.9,High
86,Female,Injury/Trauma,5,91.0,92.0,42.8,High
18,Male,Fever/Cold,3,56.0,135.0,32.5,Medium
53,Female,Chronic Pain,3,51.0,103.0,43.9,Medium
92,Male,Fever/Cold,4,86.0,129.0,21.9,High
19,Male,Routine Checkup,4,76.0,92.0,30.6,Medium
28,Male,Fever/Cold,3,65.0,135.0,42.3,Low
23,Male,Respiratory Issue,2,96.0,128.0,45.9,Low
81,Other,Routine Checkup,2,79.0,136.0,1.7,Medium
62,Female,Respiratory Issue,5,43.0,132.0,5.6,High
73,Male,Fever/Cold,3,59.0,123.0,46.6,Medium
56,Female,Routine Checkup,3,90.0,135.0,28.6,Low
7,Female,Routine Checkup,3,75.0,111.0,49.5,Low
89,Male,Fever/Cold,3,64.0,,39.7,High
61,Male,Cardiac Symptoms,4,81.0,108.0,41.0,Medium
28,Female,Injury/Trauma,1,65.0,132.0,19.6,Low
73,Female,Injury/Trauma,3,56.0,116.0,13.2,Medium
16,Other,Injury/Trauma,1,90.0,129.0,30.1,Low
65,Female,Routine Checkup,2,92.0,114.0,44.0,Medium
5,Female,Injury/Trauma,5,82.0,114.0,36.4,Medium
57,Male,Routine Checkup,2,51.0,,23.9,Low
68,Male,Cardiac Symptoms,3,102.0,93.0,37.8,Medium
27,Male,Fever/Cold,2,102.0,137.0,34.7,Low
61,Female,Fever/Cold,4,94.0,120.0,45.7,High
40,Female,Routine Checkup,1,79.0,,13.5,Low
68,Female,Routine Checkup,3,76.0,109.0,6.4,Medium
81,Female,Cardiac Symptoms,4,81.0,,23.8,High
89,Female,Injury/Trauma,1,57.0,127.0,18.4,Low
83,Other,Cardiac Symptoms,4,66.0,115.0,48.8,Medium
40,Male,Fever/Cold,2,66.0,138.0,0.9,Low
48,Female,Fever/Cold,3,84.0,96.0,46.7,Low
90,Female,Respiratory Issue,2,78.0,128.0,47.8,Low
48,Male,Injury/Trauma,5,60.0,127.0,3.0,High
75,Other,Fever/Cold,3,51.0,111.0,44.5,Medium
70,Female,Respiratory Issue,2,80.0,125.0,23.8,Low
2,Male,Routine Checkup,3,59.0,119.0,38.4,Low
9,Male,Fever/Cold,1,56.0,144.0,4.4,Low
97,Female,Chronic Pain,3,106.0,121.0,47.8,High
88,Female,Injury/Trauma,3,109.0,142.0,30.6,High
34,Female,Respiratory Issue,1,68.0,136.0,45.0,Low
79,Male,Injury/Trauma,2,47.0,95.0,33.8,Medium
1,Male,Injury/Trauma,3,93.0,118.0,27.1,Low
23,Male,Chronic Pain,4,80.0,136.0,9.0,Medium
73,Male,Cardiac Symptoms,3,86.0,124.0,9.3,Low
37,Male,Routine Checkup,2,65.0,121.0,23.9,Low
21,Female,Injury/Trauma,1,59.0,122.0,43.6,Low
25,Male,Fever/Cold,2,71.0,132.0,6.2,Low
42,Male,Routine Checkup,5,77.0,,49.9,High
54,Male,Fever/Cold,3,64.0,114.0,43.9,Medium
38,Male,Routine Checkup,3,94.0,136.0,19.9,Medium
90,Female,Routine Checkup,1,48.0,124.0,13.0,Low
28,Female,Respiratory Issue,3,81.0,116.0,46.1,Medium
19,Female,Fever/Cold,4,76.0,120.0,6.6,Medium
90,Male,Fever/Cold,4,93.0,130.0,17.7,High
40,Male,Routine Checkup,2,60.0,119.0,4.7,Low
53,Female,Injury/Trauma,1,85.0,123.0,47.7,Low
19,Male,Fever/Cold,5,82.0,85.0,31.1,Medium
18,Female,Chronic Pain,2,78.0,124.0,17.1,Low
83,Male,Chronic Pain,1,61.0,117.0,14.1,Low
98,Female,Routine Checkup,1,63.0,138.0,22.5,Medium
65,Male,Cardiac Symptoms,2,70.0,118.0,5.0,Low
29,Female,Routine Checkup,2,67.0,149.0,44.5,Medium
52,Female,Routine Checkup,3,93.0,132.0,25.8,Medium
33,Female,Injury/Trauma,5,77.0,105.0,36.4,High
21,Female,Injury/Trauma,4,86.0,95.0,12.1,Medium
66,Female,Respiratory Issue,3,53.0,118.0,25.4,Medium
5,Female,Cardiac Symptoms,1,47.0,120.0,10.9,Low
78,Male,Cardiac Symptoms,5,72.0,,40.9,High
26,Male,Cardiac Symptoms,5,55.0,118.0,38.9,Medium
9,Female,Cardiac Symptoms,2,75.0,113.0,7.8,Low
72,Female,Cardiac Symptoms,5,62.0,,4.2,High
96,Male,Routine Checkup,5,79.0,,41.3,High
95,Male,Routine Checkup,1,63.0,86.0,5.9,Low
47,Other,Respiratory Issue,3,83.0,138.0,27.6,Medium
69,Male,Chronic Pain,5,61.0,129.0,27.0,High
58,Male,Chronic Pain,2,47.0,110.0,10.5,Low
99,Male,Respiratory Issue,3,87.0,120.0,29.8,Medium
58,Female,Respiratory Issue,2,63.0,138.0,25.4,Low
1,Male,Fever/Cold,5,95.0,122.0,25.7,Medium
28,Female,Routine Checkup,3,65.0,81.0,18.3,Low
67,Male,Cardiac Symptoms,5,62.0,127.0,42.0,High
64,Female,Fever/Cold,1,70.0,134.0,4.7,Low
82,Female,Injury/Trauma,3,66.0,111.0,22.2,High
25,Male,Routine Checkup,2,76.0,137.0,13.4,Low
88,Female,Respiratory Issue,1,81.0,138.0,42.5,Low
9,Male,Chronic Pain,4,83.0,146.0,11.6,Medium
52,Male,Routine Checkup,2,73.0,,38.5,Low
78,Female,Respiratory Issue,5,52.0,170.0,30.8,High
58,Male,Routine Checkup,2,100.0,143.0,43.8,Medium
21,Female,Routine Checkup,4,69.0,123.0,29.9,Medium
50,Male,Routine Checkup,2,68.0,136.0,28.0,Low
47,Male,Injury/Trauma,1,73.0,122.0,40.2,Low
20,Male,Chronic Pain,2,71.0,115.0,28.3,Low
21,Female,Routine Checkup,3,48.0,99.0,42.3,Medium
99,Male,Respiratory Issue,4,,117.0,2.9,High
97,Female,Injury/Trauma,2,62.0,137.0,25.0,Medium
29,Male,Fever/Cold,4,70.0,,40.7,Medium
24,Male,Routine Checkup,1,101.0,128.0,42.5,Low
27,Female,Injury/Trauma,3,89.0,113.0,41.8,Low
64,Female,Cardiac Symptoms,5,,121.0,30.4,High
44,Male,Fever/Cold,2,64.0,119.0,49.7,Low
67,Female,Chronic Pain,1,85.0,124.0,9.5,Low
6,Male,Routine Checkup,4,81.0,166.0,9.1,Medium
48,Female,Routine Checkup,4,74.0,110.0,2.1,High
8,Female,Injury/Trauma,1,63.0,120.0,49.5,Low
35,Female,Chronic Pain,2,91.0,116.0,17.7,Low
82,Female,Cardiac Symptoms,5,67.0,91.0,38.2,High
0,Male,Fever/Cold,2,77.0,138.0,3.5,Low
9,Female,Respiratory Issue,3,88.0,104.0,15.3,Medium
35,Female,Chronic Pain,2,60.0,148.0,31.4,Low
72,Male,Routine Checkup,3,58.0,105.0,26.5,High
45,Male,Injury/Trauma,4,112.0,128.0,10.8,High
31,Female,Cardiac Symptoms,3,62.0,155.0,23.3,Medium
31,Female,Injury/Trauma,5,99.0,130.0,5.9,High
5,Male,Fever/Cold,1,74.0,109.0,27.4,Low
47,Female,Chronic Pain,3,68.0,103.0,5.3,Low
37,Female,Injury/Trauma,2,70.0,77.0,32.0,Low
16,Male,Respiratory Issue,3,74.0,113.0,8.2,Low
73,Male,Respiratory Issue,4,95.0,92.0,27.6,Medium
26,Female,Injury/Trauma,3,86.0,120.0,6.9,Low
53,Male,Routine Checkup,5,71.0,112.0,20.3,High
49,Male,Injury/Trauma,3,47.0,123.0,17.9,Medium
34,Female,Cardiac Symptoms,5,,98.0,37.9,High
84,Female,Chronic Pain,2,76.0,110.0,32.2,Medium
24,Female,Fever/Cold,4,93.0,131.0,46.9,Medium
27,Female,Respiratory Issue,1,52.0,126.0,46.1,Low
14,Male,Injury/Trauma,2,67.0,84.0,36.4,Low
3,Male,Cardiac Symptoms,2,67.0,136.0,38.6,Low
92,Female,Respiratory Issue,1,,99.0,31.4,Low
72,Male,Respiratory Issue,3,76.0,89.0,34.7,Medium
26,Female,Fever/Cold,3,81.0,115.0,31.1,Low
25,Male,Respiratory Issue,3,46.0,168.0,15.9,Medium
18,Male,Cardiac Symptoms,4,77.0,113.0,17.9,Medium
91,Male,Respiratory Issue,2,78.0,122.0,28.9,Medium
16,Female,Respiratory Issue,5,76.0,133.0,36.1,Medium
42,Male,Injury/Trauma,1,72.0,102.0,20.6,Low
40,Male,Injury/Trauma,2,23.0,126.0,7.6,Low
41,Male,Chronic Pain,3,83.0,103.0,23.2,Medium
49,Female,Routine Checkup,1,60.0,131.0,48.2,Low
83,Male,Cardiac Symptoms,5,84.0,128.0,11.1,High
39,Male,Routine Checkup,2,93.0,126.0,32.6,Low
38,Male,Routine Checkup,2,49.0,,49.1,Low
22,Female,Respiratory Issue,4,83.0,160.0,19.1,Medium
95,Male,Fever/Cold,2,56.0,124.0,44.5,Low
51,Male,Fever/Cold,2,74.0,130.0,43.3,Low
46,Male,Respiratory Issue,5,73.0,127.0,17.3,High
62,Female,Cardiac Symptoms,5,86.0,99.0,5.4,High
96,Female,Routine Checkup,1,84.0,104.0,9.3,Low
68,Female,Chronic Pain,3,78.0,98.0,18.6,Low
42,Female,Routine Checkup,5,50.0,104.0,48.0,High
47,Female,Fever/Cold,1,37.0,109.0,14.1,Low
33,Male,Routine Checkup,2,88.0,115.0,46.4,Low
39,Female,Injury/Trauma,1,86.0,115.0,9.5,Low
74,Female,Injury/Trauma,1,60.0,131.0,48.5,Medium
60,Female,Chronic Pain,1,80.0,147.0,15.0,Medium
49,Male,Cardiac Symptoms,1,71.0,142.0,31.8,Low
66,Female,Routine Checkup,5,91.0,125.0,3.9,High
61,Male,Injury/Trauma,3,,103.0,15.3,Medium
57,Female,Cardiac Symptoms,1,88.0,140.0,10.9,Low
32,Male,Injury/Trauma,4,65.0,108.0,0.7,Medium
74,Male,Cardiac Symptoms,2,79.0,128.0,8.3,Low
15,Male,Cardiac Symptoms,2,68.0,125.0,29.9,Low
81,Male,Injury/Trauma,2,65.0,98.0,19.8,Low
93,Female,Respiratory Issue,2,40.0,109.0,36.3,Medium
47,Male,Fever/Cold,2,88.0,130.0,33.7,Low
9,Male,Cardiac Symptoms,1,101.0,116.0,40.1,Low
81,Female,Respiratory Issue,3,54.0,178.0,43.4,High
37,Male,Routine Checkup,4,85.0,111.0,41.1,Medium
18,Female,Respiratory Issue,5,84.0,99.0,22.7,Medium
35,Male,Injury/Trauma,4,67.0,121.0,15.8,Medium
58,Male,Respiratory Issue,5,63.0,113.0,25.4,High
62,Female,Fever/Cold,5,92.0,85.0,27.0,High
76,Female,Injury/Trauma,4,91.0,136.0,16.0,Medium
45,Male,Chronic Pain,1,81.0,139.0,27.2,Low
2,Female,Routine Checkup,2,67.0,137.0,5.7,Low
73,Female,Chronic Pain,1,91.0,126.0,11.9,Low
64,Female,Respiratory Issue,2,62.0,117.0,37.4,Medium
90,Male,Cardiac Symptoms,3,96.0,123.0,9.6,Medium
7,Male,Respiratory Issue,5,,117.0,7.4,High
50,Female,Cardiac Symptoms,4,92.0,107.0,14.7,Medium
80,Female,Chronic Pain,3,80.0,150.0,18.9,Medium
72,Male,Chronic Pain,2,36.0,145.0,16.8,Medium
5,Female,Cardiac Symptoms,1,72.0,133.0,19.0,Low
88,Male,Fever/Cold,4,101.0,111.0,7.4,High
38,Female,Routine Checkup,5,89.0,131.0,8.7,High
59,Male,Injury/Trauma,3,81.0,115.0,12.2,Medium
27,Female,Chronic Pain,5,64.0,114.0,20.4,Medium
96,Male,Routine Checkup,2,,119.0,17.1,Medium
53,Female,Injury/Trauma,5,51.0,128.0,39.7,High
36,Female,Respiratory Issue,1,72.0,111.0,26.5,Low
8,Female,Injury/Trauma,3,101.0,117.0,29.0,Low
81,Other,Chronic Pain,3,62.0,146.0,28.2,Medium
55,Female,Fever/Cold,1,84.0,86.0,20.2,Low
58,Other,Fever/Cold,5,48.0,140.0,49.0,High
84,Male,Routine Checkup,1,65.0,117.0,2.3,Low
1,Male,Respiratory Issue,4,77.0,110.0,11.2,Low
60,Male,Routine Checkup,1,,113.0,14.6,Low
57,Male,Cardiac Symptoms,5,106.0,120.0,44.1,High
59,Female,Fever/Cold,1,67.0,138.0,46.0,Low
39,Male,Routine Checkup,2,83.0,123.0,42.4,Low
35,Female,Cardiac Symptoms,1,83.0,110.0,21.1,Low
36,Female,Respiratory Issue,1,66.0,133.0,45.8,Low
78,Female,Injury/Trauma,5,89.0,118.0,5.4,High
91,Male,Routine Checkup,4,85.0,130.0,32.8,Medium
17,Female,Cardiac Symptoms,4,70.0,125.0,46.9,Medium
97,Male,Fever/Cold,5,77.0,98.0,37.9,High
62,Male,Injury/Trauma,5,60.0,,14.3,High
21,Female,Routine Checkup,5,61.0,87.0,36.0,High
10,Female,Fever/Cold,2,74.0,117.0,15.1,Low
57,Male,Injury/Trauma,3,86.0,99.0,6.0,Medium
56,Female,Chronic Pain,1,69.0,,36.0,Low
76,Male,Fever/Cold,5,65.0,124.0,9.4,High
3,Male,Chronic Pain,5,71.0,,6.0,High
85,Male,Respiratory Issue,5,87.0,119.0,27.8,High
6,Female,Routine Checkup,4,54.0,145.0,31.2,Medium
60,Female,Cardiac Symptoms,5,87.0,120.0,3.0,High
53,Male,Routine Checkup,1,82.0,123.0,0.7,Low
87,Male,Fever/Cold,5,54.0,,44.2,High
67,Female,Chronic Pain,1,71.0,131.0,6.2,Low
91,Male,Chronic Pain,2,84.0,130.0,29.4,Medium
78,Male,Injury/Trauma,3,46.0,111.0,47.7,Medium
0,Female,Routine Checkup,4,59.0,94.0,25.8,Medium
54,Male,Routine Checkup,1,52.0,90.0,7.4,Low
2,Female,Fever/Cold,2,66.0,140.0,20.0,Low
77,Male,Chronic Pain,3,90.0,,31.4,Medium
37,Female,Fever/Cold,3,86.0,150.0,38.3,Low
0,Female,Fever/Cold,3,67.0,104.0,30.5,Low
37,Female,Respiratory Issue,1,90.0,114.0,2.2,Low
84,Male,Chronic Pain,2,84.0,176.0,7.6,Medium
28,Female,Fever/Cold,5,94.0,110.0,18.9,High
4,Female,Chronic Pain,2,73.0,100.0,35.4,Low
73,Female,Fever/Cold,2,83.0,113.0,29.4,Low
91,Female,Cardiac Symptoms,2,125.0,89.0,2.7,Medium
20,Female,Fever/Cold,1,,114.0,39.9,Low
70,Female,Fever/Cold,1,74.0,121.0,30.5,Low
66,Male,Cardiac Symptoms,1,72.0,139.0,44.4,Low
46,Male,Routine Checkup,2,73.0,130.0,21.2,Low
83,Female,Chronic Pain,1,83.0,122.0,24.8,Low
82,Male,Injury/Trauma,3,,162.0,20.6,High
34,Other,Cardiac Symptoms,1,54.0,132.0,36.3,Low
67,Female,Routine Checkup,4,75.0,148.0,37.7,High
68,Female,Fever/Cold,1,67.0,137.0,36.3,Low
0,Male,Respiratory Issue,1,49.0,147.0,14.9,Low
67,Male,Routine Checkup,1,92.0,142.0,32.0,Low
11,Female,Cardiac Symptoms,1,67.0,136.0,17.3,Low
59,Female,Respiratory Issue,4,80.0,132.0,41.8,Medium
26,Other,Fever/Cold,5,27.0,149.0,3.2,High
55,Male,Routine Checkup,1,82.0,108.0,2.4,Low
22,Male,Injury/Trauma,3,70.0,105.0,5.5,Medium
24,Male,Chronic Pain,4,51.0,,10.5,Medium
20,Female,Chronic Pain,5,66.0,130.0,2.4,High
60,Male,Cardiac Symptoms,1,64.0,143.0,4.0,Low
62,Male,Fever/Cold,5,86.0,99.0,15.6,High
51,Male,Fever/Cold,3,76.0,105.0,5.4,Low
87,Male,Chronic Pain,4,52.0,148.0,40.2,High
24,Other,Routine Checkup,4,81.0,133.0,3.2,Medium
54,Female,Fever/Cold,5,43.0,133.0,45.4,High
45,Male,Injury/Trauma,1,58.0,128.0,43.6,Low
31,Male,Injury/Trauma,2,75.0,,10.8,Low
54,Male,Fever/Cold,4,65.0,88.0,4.0,High
95,Male,Fever/Cold,2,92.0,131.0,5.7,Low
4,Male,Chronic Pain,4,77.0,162.0,28.2,Medium
35,Female,Cardiac Symptoms,1,84.0,125.0,30.2,Low
48,Male,Chronic Pain,1,85.0,97.0,16.1,Low
57,Male,Cardiac Symptoms,4,68.0,115.0,15.2,Medium
38,Male,Injury/Trauma,5,59.0,139.0,26.8,Medium
79,Female,Cardiac Symptoms,1,74.0,141.0,15.6,Low
96,Female,Chronic Pain,1,88.0,151.0,46.7,Medium
